antecedents,consequents,support,confidence
frozenset({'화성행궁'}),frozenset({'CLUSTER_11'}),0.0008302889405513118,0.06666666666666667
frozenset({'화성행궁'}),frozenset({'CLUSTER_5'}),0.001328462304882099,0.10666666666666667
frozenset({'화성행궁'}),frozenset({'CLUSTER_8'}),0.0006642311524410495,0.05333333333333334
frozenset({'화성행궁'}),frozenset({'CLUSTER_2'}),0.0004981733643307871,0.04
frozenset({'화성행궁'}),frozenset({'CLUSTER_3'}),0.0016605778811026237,0.13333333333333333
frozenset({'화성행궁'}),frozenset({'CLUSTER_4'}),0.0011624045167718366,0.09333333333333334
frozenset({'화성행궁'}),frozenset({'CLUSTER_1'}),0.0004981733643307871,0.04
frozenset({'화성행궁'}),frozenset({'CLUSTER_6'}),0.0008302889405513118,0.06666666666666667
frozenset({'화성행궁'}),frozenset({'CLUSTER_10'}),0.0006642311524410495,0.05333333333333334
frozenset({'화성행궁'}),frozenset({'CLUSTER_0'}),0.0009963467286615742,0.08
frozenset({'화성행궁'}),frozenset({'CLUSTER_7'}),0.0008302889405513118,0.06666666666666667
frozenset({'CLUSTER_13'}),frozenset({'화성행궁'}),0.0004981733643307871,0.04
frozenset({'화성행궁'}),frozenset({'CLUSTER_13'}),0.0004981733643307871,0.04
frozenset({'화성행궁'}),frozenset({'CLUSTER_9'}),0.0004981733643307871,0.04
frozenset({'CLUSTER_0'}),frozenset({'제주동문시장'}),0.0019926934573231483,0.04687499999999999
frozenset({'제주동문시장'}),frozenset({'CLUSTER_0'}),0.0019926934573231483,0.0404040404040404
frozenset({'서귀포 매일 올레시장'}),frozenset({'CLUSTER_0'}),0.0014945200929923613,0.03249097472924188
frozenset({'CLUSTER_0'}),frozenset({'서귀포 매일 올레시장'}),0.0014945200929923613,0.03515624999999999
frozenset({'더 현대 서울'}),frozenset({'CLUSTER_0'}),0.0008302889405513118,0.07692307692307693
frozenset({'더 현대 서울'}),frozenset({'CLUSTER_7'}),0.0008302889405513118,0.07692307692307693
frozenset({'더 현대 서울'}),frozenset({'CLUSTER_3'}),0.001328462304882099,0.12307692307692308
frozenset({'더 현대 서울'}),frozenset({'CLUSTER_4'}),0.0011624045167718366,0.1076923076923077
frozenset({'더 현대 서울'}),frozenset({'CLUSTER_6'}),0.0006642311524410495,0.06153846153846154
frozenset({'더 현대 서울'}),frozenset({'CLUSTER_11'}),0.0014945200929923613,0.13846153846153844
frozenset({'더 현대 서울'}),frozenset({'CLUSTER_5'}),0.0011624045167718366,0.1076923076923077
frozenset({'더 현대 서울'}),frozenset({'CLUSTER_2'}),0.00033211557622052476,0.03076923076923077
frozenset({'더 현대 서울'}),frozenset({'CLUSTER_1'}),0.0008302889405513118,0.07692307692307693
frozenset({'더 현대 서울'}),frozenset({'CLUSTER_10'}),0.0006642311524410495,0.06153846153846154
frozenset({'더 현대 서울'}),frozenset({'CLUSTER_17'}),0.00033211557622052476,0.03076923076923077
frozenset({'더 현대 서울'}),frozenset({'CLUSTER_12'}),0.00033211557622052476,0.03076923076923077
frozenset({'더 현대 서울'}),frozenset({'CLUSTER_8'}),0.00033211557622052476,0.03076923076923077
frozenset({'에버랜드'}),frozenset({'CLUSTER_10'}),0.00033211557622052476,0.03125
frozenset({'에버랜드'}),frozenset({'CLUSTER_7'}),0.0004981733643307871,0.04687499999999999
frozenset({'에버랜드'}),frozenset({'CLUSTER_2'}),0.0004981733643307871,0.04687499999999999
frozenset({'에버랜드'}),frozenset({'CLUSTER_17'}),0.0006642311524410495,0.0625
frozenset({'에버랜드'}),frozenset({'CLUSTER_9'}),0.0009963467286615742,0.09374999999999999
frozenset({'에버랜드'}),frozenset({'CLUSTER_16'}),0.0004981733643307871,0.04687499999999999
frozenset({'에버랜드'}),frozenset({'CLUSTER_3'}),0.0014945200929923613,0.14062499999999997
frozenset({'에버랜드'}),frozenset({'CLUSTER_11'}),0.001328462304882099,0.125
frozenset({'에버랜드'}),frozenset({'CLUSTER_5'}),0.0009963467286615742,0.09374999999999999
frozenset({'에버랜드'}),frozenset({'CLUSTER_6'}),0.0006642311524410495,0.0625
frozenset({'에버랜드'}),frozenset({'CLUSTER_4'}),0.0004981733643307871,0.04687499999999999
frozenset({'에버랜드'}),frozenset({'CLUSTER_0'}),0.00033211557622052476,0.03125
frozenset({'에버랜드'}),frozenset({'CLUSTER_1'}),0.00033211557622052476,0.03125
frozenset({'CLUSTER_8'}),frozenset({'제주동문시장'}),0.0016605778811026237,0.049999999999999996
frozenset({'제주동문시장'}),frozenset({'CLUSTER_8'}),0.0016605778811026237,0.03367003367003367
frozenset({'CLUSTER_8'}),frozenset({'서귀포 매일 올레시장'}),0.0011624045167718366,0.034999999999999996
frozenset({'CLUSTER_8'}),frozenset({'함덕해수욕장'}),0.001328462304882099,0.04
frozenset({'함덕해수욕장'}),frozenset({'CLUSTER_8'}),0.001328462304882099,0.03524229074889868
frozenset({'CLUSTER_17'}),frozenset({'서귀포 매일 올레시장'}),0.001328462304882099,0.03921568627450981
frozenset({'CLUSTER_17'}),frozenset({'제주동문시장'}),0.0011624045167718366,0.03431372549019608
frozenset({'CLUSTER_17'}),frozenset({'함덕해수욕장'}),0.0018266356692128861,0.05392156862745098
frozenset({'함덕해수욕장'}),frozenset({'CLUSTER_17'}),0.0018266356692128861,0.048458149779735685
frozenset({'속초관광수산시장'}),frozenset({'CLUSTER_22'}),0.0006642311524410495,0.032
frozenset({'CLUSTER_22'}),frozenset({'속초관광수산시장'}),0.0006642311524410495,0.047058823529411764
frozenset({'CLUSTER_22'}),frozenset({'전주한옥마을'}),0.0006642311524410495,0.047058823529411764
frozenset({'전주한옥마을'}),frozenset({'CLUSTER_22'}),0.0006642311524410495,0.03278688524590164
frozenset({'CLUSTER_22'}),frozenset({'오설록 티 뮤지엄'}),0.0004981733643307871,0.03529411764705882
frozenset({'CLUSTER_22'}),frozenset({'천지연폭포'}),0.0004981733643307871,0.03529411764705882
frozenset({'천지연폭포'}),frozenset({'CLUSTER_22'}),0.0004981733643307871,0.03260869565217391
frozenset({'성산일출봉'}),frozenset({'CLUSTER_22'}),0.0008302889405513118,0.032467532467532464
frozenset({'CLUSTER_22'}),frozenset({'성산일출봉'}),0.0008302889405513118,0.058823529411764705
frozenset({'금능해수욕장'}),frozenset({'CLUSTER_22'}),0.0004981733643307871,0.030927835051546393
frozenset({'CLUSTER_22'}),frozenset({'금능해수욕장'}),0.0004981733643307871,0.03529411764705882
frozenset({'CLUSTER_22'}),frozenset({'서귀포 매일 올레시장'}),0.0011624045167718366,0.08235294117647059
frozenset({'CLUSTER_22'}),frozenset({'제주동문시장'}),0.0004981733643307871,0.03529411764705882
frozenset({'첨성대'}),frozenset({'CLUSTER_12'}),0.0006642311524410495,0.03125
frozenset({'CLUSTER_12'}),frozenset({'첨성대'}),0.0006642311524410495,0.032520325203252036
frozenset({'CLUSTER_12'}),frozenset({'속초관광수산시장'}),0.0006642311524410495,0.032520325203252036
frozenset({'속초관광수산시장'}),frozenset({'CLUSTER_12'}),0.0006642311524410495,0.032
frozenset({'CLUSTER_12'}),frozenset({'협재해수욕장'}),0.0009963467286615742,0.048780487804878044
frozenset({'협재해수욕장'}),frozenset({'CLUSTER_12'}),0.0009963467286615742,0.031914893617021274
frozenset({'CLUSTER_12'}),frozenset({'제주동문시장'}),0.0008302889405513118,0.04065040650406504
frozenset({'CLUSTER_12'}),frozenset({'성산일출봉'}),0.0009963467286615742,0.048780487804878044
frozenset({'성산일출봉'}),frozenset({'CLUSTER_12'}),0.0009963467286615742,0.03896103896103896
frozenset({'CLUSTER_12'}),frozenset({'서귀포 매일 올레시장'}),0.0008302889405513118,0.04065040650406504
frozenset({'제주동문시장'}),frozenset({'CLUSTER_6'}),0.0014945200929923613,0.0303030303030303
frozenset({'CLUSTER_6'}),frozenset({'제주동문시장'}),0.0014945200929923613,0.0375
frozenset({'서귀포 매일 올레시장'}),frozenset({'CLUSTER_6'}),0.0028229823978744603,0.06137184115523466
frozenset({'CLUSTER_6'}),frozenset({'서귀포 매일 올레시장'}),0.0028229823978744603,0.07083333333333333
frozenset({'서귀포 매일 올레시장'}),frozenset({'CLUSTER_16'}),0.0014945200929923613,0.03249097472924188
frozenset({'CLUSTER_16'}),frozenset({'서귀포 매일 올레시장'}),0.0014945200929923613,0.058064516129032254
frozenset({'협재해수욕장'}),frozenset({'CLUSTER_16'}),0.0014945200929923613,0.047872340425531915
frozenset({'CLUSTER_16'}),frozenset({'협재해수욕장'}),0.0014945200929923613,0.058064516129032254
frozenset({'함덕해수욕장'}),frozenset({'CLUSTER_16'}),0.001328462304882099,0.03524229074889868
frozenset({'CLUSTER_16'}),frozenset({'함덕해수욕장'}),0.001328462304882099,0.05161290322580646
frozenset({'첨성대'}),frozenset({'CLUSTER_14'}),0.0006642311524410495,0.03125
frozenset({'CLUSTER_14'}),frozenset({'첨성대'}),0.0006642311524410495,0.03174603174603175
frozenset({'CLUSTER_14'}),frozenset({'대릉원'}),0.0006642311524410495,0.03174603174603175
frozenset({'성산일출봉'}),frozenset({'CLUSTER_14'}),0.0008302889405513118,0.032467532467532464
frozenset({'CLUSTER_14'}),frozenset({'성산일출봉'}),0.0008302889405513118,0.03968253968253969
frozenset({'서귀포 매일 올레시장'}),frozenset({'CLUSTER_14'}),0.0019926934573231483,0.04332129963898917
frozenset({'CLUSTER_14'}),frozenset({'서귀포 매일 올레시장'}),0.0019926934573231483,0.09523809523809523
frozenset({'CLUSTER_14'}),frozenset({'함덕해수욕장'}),0.0009963467286615742,0.047619047619047616
frozenset({'CLUSTER_25'}),frozenset({'에버랜드'}),0.00016605778811026238,0.07692307692307693
frozenset({'CLUSTER_25'}),frozenset({'국립경주박물관'}),0.00016605778811026238,0.07692307692307693
frozenset({'CLUSTER_25'}),frozenset({'대릉원'}),0.00016605778811026238,0.07692307692307693
frozenset({'CLUSTER_25'}),frozenset({'경포해수욕장'}),0.00033211557622052476,0.15384615384615385
frozenset({'경포해수욕장'}),frozenset({'CLUSTER_25'}),0.00033211557622052476,0.03125
frozenset({'CLUSTER_25'}),frozenset({'강릉 중앙시장'}),0.00016605778811026238,0.07692307692307693
frozenset({'CLUSTER_25'}),frozenset({'불국사'}),0.00016605778811026238,0.07692307692307693
frozenset({'CLUSTER_25'}),frozenset({'월정교'}),0.00016605778811026238,0.07692307692307693
frozenset({'CLUSTER_25'}),frozenset({'전주한옥마을'}),0.00016605778811026238,0.07692307692307693
frozenset({'CLUSTER_25'}),frozenset({'성산일출봉'}),0.00016605778811026238,0.07692307692307693
frozenset({'CLUSTER_25'}),frozenset({'김녕해수욕장'}),0.00016605778811026238,0.07692307692307693
frozenset({'CLUSTER_25'}),frozenset({'함덕해수욕장'}),0.00016605778811026238,0.07692307692307693
frozenset({'CLUSTER_25'}),frozenset({'사계해변'}),0.00016605778811026238,0.07692307692307693
frozenset({'CLUSTER_28'}),frozenset({'화성행궁'}),0.00016605778811026238,0.05882352941176471
frozenset({'CLUSTER_28'}),frozenset({'더 현대 서울'}),0.00016605778811026238,0.05882352941176471
frozenset({'CLUSTER_28'}),frozenset({'밀란 더 마켓'}),0.00016605778811026238,0.05882352941176471
frozenset({'CLUSTER_28'}),frozenset({'광안리해수욕장'}),0.00016605778811026238,0.05882352941176471
frozenset({'CLUSTER_28'}),frozenset({'흰 여울 문화마을'}),0.00016605778811026238,0.05882352941176471
frozenset({'CLUSTER_28'}),frozenset({'황련단길'}),0.00016605778811026238,0.05882352941176471
frozenset({'CLUSTER_28'}),frozenset({'대릉원'}),0.00016605778811026238,0.05882352941176471
frozenset({'CLUSTER_28'}),frozenset({'혼인지'}),0.00016605778811026238,0.05882352941176471
frozenset({'CLUSTER_28'}),frozenset({'섭지코지'}),0.00016605778811026238,0.05882352941176471
frozenset({'CLUSTER_28'}),frozenset({'성산일출봉'}),0.00016605778811026238,0.05882352941176471
frozenset({'CLUSTER_28'}),frozenset({'비자림'}),0.00016605778811026238,0.05882352941176471
frozenset({'CLUSTER_28'}),frozenset({'중문색달해수욕장'}),0.00016605778811026238,0.05882352941176471
frozenset({'CLUSTER_28'}),frozenset({'카멜리아힐'}),0.00016605778811026238,0.05882352941176471
frozenset({'CLUSTER_28'}),frozenset({'오설록 티 뮤지엄'}),0.00016605778811026238,0.05882352941176471
frozenset({'CLUSTER_28'}),frozenset({'협재해수욕장'}),0.00033211557622052476,0.11764705882352942
frozenset({'CLUSTER_28'}),frozenset({'금능해수욕장'}),0.00016605778811026238,0.05882352941176471
frozenset({'성산일출봉'}),frozenset({'CLUSTER_15'}),0.0009963467286615742,0.03896103896103896
frozenset({'CLUSTER_15'}),frozenset({'성산일출봉'}),0.0009963467286615742,0.0410958904109589
frozenset({'CLUSTER_15'}),frozenset({'서귀포 매일 올레시장'}),0.001328462304882099,0.05479452054794521
frozenset({'함덕해수욕장'}),frozenset({'CLUSTER_15'}),0.0011624045167718366,0.030837004405286344
frozenset({'CLUSTER_15'}),frozenset({'함덕해수욕장'}),0.0011624045167718366,0.04794520547945205
frozenset({'CLUSTER_13'}),frozenset({'첨성대'}),0.0004981733643307871,0.04
frozenset({'속초해수욕장'}),frozenset({'CLUSTER_13'}),0.0008302889405513118,0.060240963855421686
frozenset({'CLUSTER_13'}),frozenset({'속초해수욕장'}),0.0008302889405513118,0.06666666666666667
frozenset({'CLUSTER_13'}),frozenset({'속초관광수산시장'}),0.0006642311524410495,0.05333333333333334
frozenset({'속초관광수산시장'}),frozenset({'CLUSTER_13'}),0.0006642311524410495,0.032
frozenset({'CLUSTER_13'}),frozenset({'대릉원'}),0.0004981733643307871,0.04
frozenset({'CLUSTER_13'}),frozenset({'천지연폭포'}),0.0004981733643307871,0.04
frozenset({'천지연폭포'}),frozenset({'CLUSTER_13'}),0.0004981733643307871,0.03260869565217391
frozenset({'CLUSTER_13'}),frozenset({'섭지코지'}),0.0004981733643307871,0.04
frozenset({'섭지코지'}),frozenset({'CLUSTER_13'}),0.0004981733643307871,0.03409090909090909
frozenset({'CLUSTER_13'}),frozenset({'성산일출봉'}),0.0004981733643307871,0.04
frozenset({'CLUSTER_13'}),frozenset({'서귀포 매일 올레시장'}),0.0004981733643307871,0.04
frozenset({'CLUSTER_23'}),frozenset({'서귀포 매일 올레시장'}),0.0011624045167718366,0.06086956521739131
frozenset({'협재해수욕장'}),frozenset({'CLUSTER_23'}),0.0009963467286615742,0.031914893617021274
frozenset({'CLUSTER_23'}),frozenset({'협재해수욕장'}),0.0009963467286615742,0.052173913043478265
frozenset({'CLUSTER_29'}),frozenset({'화성행궁'}),0.00033211557622052476,0.08
frozenset({'CLUSTER_29'}),frozenset({'에버랜드'}),0.00016605778811026238,0.04
frozenset({'CLUSTER_29'}),frozenset({'불국사'}),0.00016605778811026238,0.04
frozenset({'CLUSTER_29'}),frozenset({'흰 여울 문화마을'}),0.00016605778811026238,0.04
frozenset({'CLUSTER_29'}),frozenset({'속초관광수산시장'}),0.00016605778811026238,0.04
frozenset({'CLUSTER_29'}),frozenset({'한밭수목원'}),0.00016605778811026238,0.04
frozenset({'CLUSTER_29'}),frozenset({'국립세종수목원'}),0.00016605778811026238,0.04
frozenset({'CLUSTER_29'}),frozenset({'경기전'}),0.00016605778811026238,0.04
frozenset({'CLUSTER_29'}),frozenset({'전동성당'}),0.00016605778811026238,0.04
frozenset({'CLUSTER_29'}),frozenset({'오동도'}),0.00016605778811026238,0.04
frozenset({'CLUSTER_29'}),frozenset({'곽지해수욕장'}),0.00016605778811026238,0.04
frozenset({'CLUSTER_29'}),frozenset({'제주동문재래시장'}),0.00016605778811026238,0.04
frozenset({'CLUSTER_29'}),frozenset({'우도'}),0.00016605778811026238,0.04
frozenset({'CLUSTER_29'}),frozenset({'스누피가든'}),0.00016605778811026238,0.04
frozenset({'CLUSTER_29'}),frozenset({'카멜리아힐'}),0.00016605778811026238,0.04
frozenset({'CLUSTER_29'}),frozenset({'판포 포구'}),0.00016605778811026238,0.04
frozenset({'CLUSTER_29'}),frozenset({'제주동문시장'}),0.00033211557622052476,0.08
frozenset({'CLUSTER_29'}),frozenset({'함덕해수욕장'}),0.00016605778811026238,0.04
frozenset({'CLUSTER_29'}),frozenset({'월정리 해수욕장'}),0.00016605778811026238,0.04
frozenset({'CLUSTER_29'}),frozenset({'비자림'}),0.00016605778811026238,0.04
frozenset({'CLUSTER_29'}),frozenset({'섭지코지'}),0.00016605778811026238,0.04
frozenset({'CLUSTER_29'}),frozenset({'성산일출봉'}),0.00016605778811026238,0.04
frozenset({'CLUSTER_29'}),frozenset({'쇠소깍'}),0.00016605778811026238,0.04
frozenset({'전주한옥마을'}),frozenset({'CLUSTER_10'}),0.0009963467286615742,0.04918032786885245
frozenset({'전주한옥마을'}),frozenset({'CLUSTER_11'}),0.0011624045167718366,0.05737704918032786
frozenset({'전주한옥마을'}),frozenset({'CLUSTER_6'}),0.0008302889405513118,0.040983606557377046
frozenset({'전주한옥마을'}),frozenset({'CLUSTER_8'}),0.0008302889405513118,0.040983606557377046
frozenset({'전주한옥마을'}),frozenset({'CLUSTER_3'}),0.0019926934573231483,0.0983606557377049
frozenset({'CLUSTER_2'}),frozenset({'전주한옥마을'}),0.0018266356692128861,0.035483870967741936
frozenset({'전주한옥마을'}),frozenset({'CLUSTER_2'}),0.0018266356692128861,0.09016393442622951
frozenset({'전주한옥마을'}),frozenset({'CLUSTER_7'}),0.0009963467286615742,0.04918032786885245
frozenset({'전주한옥마을'}),frozenset({'CLUSTER_4'}),0.002324809033543673,0.11475409836065573
frozenset({'전주한옥마을'}),frozenset({'CLUSTER_9'}),0.0009963467286615742,0.04918032786885245
frozenset({'전주한옥마을'}),frozenset({'CLUSTER_5'}),0.001328462304882099,0.06557377049180328
frozenset({'전주한옥마을'}),frozenset({'CLUSTER_0'}),0.0009963467286615742,0.04918032786885245
frozenset({'전주한옥마을'}),frozenset({'CLUSTER_17'}),0.0006642311524410495,0.03278688524590164
frozenset({'CLUSTER_12'}),frozenset({'전주한옥마을'}),0.0006642311524410495,0.032520325203252036
frozenset({'전주한옥마을'}),frozenset({'CLUSTER_12'}),0.0006642311524410495,0.03278688524590164
frozenset({'전주한옥마을'}),frozenset({'CLUSTER_1'}),0.0008302889405513118,0.040983606557377046
frozenset({'속초관광수산시장'}),frozenset({'CLUSTER_18'}),0.0009963467286615742,0.048
frozenset({'CLUSTER_18'}),frozenset({'속초관광수산시장'}),0.0009963467286615742,0.08450704225352113
frozenset({'CLUSTER_18'}),frozenset({'전주한옥마을'}),0.0004981733643307871,0.04225352112676056
frozenset({'아르떼 뮤지엄 제주'}),frozenset({'CLUSTER_18'}),0.0004981733643307871,0.037037037037037035
frozenset({'CLUSTER_18'}),frozenset({'아르떼 뮤지엄 제주'}),0.0004981733643307871,0.04225352112676056
frozenset({'CLUSTER_18'}),frozenset({'함덕해수욕장'}),0.0009963467286615742,0.08450704225352113
frozenset({'CLUSTER_18'}),frozenset({'김녕해수욕장'}),0.0004981733643307871,0.04225352112676056
frozenset({'CLUSTER_21'}),frozenset({'전주한옥마을'}),0.0004981733643307871,0.03225806451612903
frozenset({'금능해수욕장'}),frozenset({'CLUSTER_21'}),0.0004981733643307871,0.030927835051546393
frozenset({'CLUSTER_21'}),frozenset({'금능해수욕장'}),0.0004981733643307871,0.03225806451612903
frozenset({'곽지해수욕장'}),frozenset({'CLUSTER_21'}),0.0008302889405513118,0.050505050505050504
frozenset({'CLUSTER_21'}),frozenset({'곽지해수욕장'}),0.0008302889405513118,0.05376344086021505
frozenset({'CLUSTER_21'}),frozenset({'협재해수욕장'}),0.0004981733643307871,0.03225806451612903
frozenset({'CLUSTER_21'}),frozenset({'서귀포 매일 올레시장'}),0.0008302889405513118,0.05376344086021505
frozenset({'CLUSTER_21'}),frozenset({'함덕해수욕장'}),0.0006642311524410495,0.04301075268817204
frozenset({'CLUSTER_21'}),frozenset({'제주동문시장'}),0.0011624045167718366,0.07526881720430108
frozenset({'오설록 티 뮤지엄'}),frozenset({'CLUSTER_21'}),0.0006642311524410495,0.03669724770642202
frozenset({'CLUSTER_21'}),frozenset({'오설록 티 뮤지엄'}),0.0006642311524410495,0.04301075268817204
frozenset({'CLUSTER_21'}),frozenset({'성산일출봉'}),0.0006642311524410495,0.04301075268817204
frozenset({'CLUSTER_20'}),frozenset({'황련단길'}),0.0004981733643307871,0.05769230769230768
frozenset({'CLUSTER_20'}),frozenset({'첨성대'}),0.0004981733643307871,0.05769230769230768
frozenset({'CLUSTER_20'}),frozenset({'대릉원'}),0.00033211557622052476,0.038461538461538464
frozenset({'CLUSTER_20'}),frozenset({'불국사'}),0.00033211557622052476,0.038461538461538464
frozenset({'불국사'}),frozenset({'CLUSTER_20'}),0.00033211557622052476,0.03125
frozenset({'CLUSTER_20'}),frozenset({'전주한옥마을'}),0.00033211557622052476,0.038461538461538464
frozenset({'CLUSTER_20'}),frozenset({'동궁과 월지'}),0.00033211557622052476,0.038461538461538464
frozenset({'CLUSTER_20'}),frozenset({'스누피가든'}),0.00033211557622052476,0.038461538461538464
frozenset({'스누피가든'}),frozenset({'CLUSTER_20'}),0.00033211557622052476,0.03333333333333334
frozenset({'비자림'}),frozenset({'CLUSTER_20'}),0.00033211557622052476,0.03278688524590164
frozenset({'CLUSTER_20'}),frozenset({'비자림'}),0.00033211557622052476,0.038461538461538464
frozenset({'CLUSTER_20'}),frozenset({'김녕해수욕장'}),0.00033211557622052476,0.038461538461538464
frozenset({'CLUSTER_20'}),frozenset({'서귀포 매일 올레시장'}),0.00033211557622052476,0.038461538461538464
frozenset({'월정리 해수욕장'}),frozenset({'CLUSTER_20'}),0.00033211557622052476,0.030303030303030307
frozenset({'CLUSTER_20'}),frozenset({'월정리 해수욕장'}),0.00033211557622052476,0.038461538461538464
frozenset({'CLUSTER_20'}),frozenset({'도두동 무지개 해안도로'}),0.00033211557622052476,0.038461538461538464
frozenset({'CLUSTER_20'}),frozenset({'성산일출봉'}),0.00033211557622052476,0.038461538461538464
frozenset({'CLUSTER_20'}),frozenset({'우도'}),0.00033211557622052476,0.038461538461538464
frozenset({'CLUSTER_26'}),frozenset({'화성행궁'}),0.00016605778811026238,0.1
frozenset({'CLUSTER_26'}),frozenset({'불국사'}),0.00016605778811026238,0.1
frozenset({'CLUSTER_26'}),frozenset({'첨성대'}),0.00016605778811026238,0.1
frozenset({'CLUSTER_26'}),frozenset({'대릉원'}),0.00033211557622052476,0.2
frozenset({'CLUSTER_26'}),frozenset({'황련단길'}),0.00016605778811026238,0.1
frozenset({'CLUSTER_26'}),frozenset({'곽지해수욕장'}),0.00016605778811026238,0.1
frozenset({'CLUSTER_26'}),frozenset({'용두암'}),0.00016605778811026238,0.1
frozenset({'CLUSTER_26'}),frozenset({'제주동문재래 야시장'}),0.00016605778811026238,0.1
frozenset({'CLUSTER_26'}),frozenset({'협재해수욕장'}),0.00016605778811026238,0.1
frozenset({'해운대해수욕장'}),frozenset({'CLUSTER_5'}),0.0014945200929923613,0.08108108108108107
frozenset({'해운대해수욕장'}),frozenset({'CLUSTER_9'}),0.0008302889405513118,0.04504504504504504
frozenset({'해운대해수욕장'}),frozenset({'CLUSTER_7'}),0.001328462304882099,0.07207207207207207
frozenset({'CLUSTER_12'}),frozenset({'해운대해수욕장'}),0.0006642311524410495,0.032520325203252036
frozenset({'해운대해수욕장'}),frozenset({'CLUSTER_12'}),0.0006642311524410495,0.036036036036036036
frozenset({'CLUSTER_0'}),frozenset({'해운대해수욕장'}),0.001328462304882099,0.03125
frozenset({'해운대해수욕장'}),frozenset({'CLUSTER_0'}),0.001328462304882099,0.07207207207207207
frozenset({'해운대해수욕장'}),frozenset({'CLUSTER_11'}),0.0016605778811026237,0.09009009009009009
frozenset({'해운대해수욕장'}),frozenset({'CLUSTER_14'}),0.0006642311524410495,0.036036036036036036
frozenset({'CLUSTER_14'}),frozenset({'해운대해수욕장'}),0.0006642311524410495,0.03174603174603175
frozenset({'해운대해수욕장'}),frozenset({'CLUSTER_3'}),0.002158751245433411,0.11711711711711713
frozenset({'해운대해수욕장'}),frozenset({'CLUSTER_17'}),0.0009963467286615742,0.05405405405405405
frozenset({'해운대해수욕장'}),frozenset({'CLUSTER_10'}),0.001328462304882099,0.07207207207207207
frozenset({'해운대해수욕장'}),frozenset({'CLUSTER_4'}),0.001328462304882099,0.07207207207207207
frozenset({'해운대해수욕장'}),frozenset({'CLUSTER_2'}),0.0009963467286615742,0.05405405405405405
frozenset({'해운대해수욕장'}),frozenset({'CLUSTER_1'}),0.0008302889405513118,0.04504504504504504
frozenset({'광안리해수욕장'}),frozenset({'CLUSTER_5'}),0.0024908668216539354,0.09933774834437085
frozenset({'CLUSTER_5'}),frozenset({'광안리해수욕장'}),0.0024908668216539354,0.03424657534246575
frozenset({'광안리해수욕장'}),frozenset({'CLUSTER_0'}),0.0018266356692128861,0.0728476821192053
frozenset({'CLUSTER_0'}),frozenset({'광안리해수욕장'}),0.0018266356692128861,0.04296875
frozenset({'광안리해수욕장'}),frozenset({'CLUSTER_3'}),0.003985386914646297,0.15894039735099336
frozenset({'CLUSTER_3'}),frozenset({'광안리해수욕장'}),0.003985386914646297,0.03292181069958848
frozenset({'광안리해수욕장'}),frozenset({'CLUSTER_11'}),0.0024908668216539354,0.09933774834437085
frozenset({'CLUSTER_11'}),frozenset({'광안리해수욕장'}),0.0024908668216539354,0.03232758620689655
frozenset({'광안리해수욕장'}),frozenset({'CLUSTER_6'}),0.0009963467286615742,0.03973509933774834
frozenset({'광안리해수욕장'}),frozenset({'CLUSTER_4'}),0.0034872135503155096,0.1390728476821192
frozenset({'CLUSTER_4'}),frozenset({'광안리해수욕장'}),0.0034872135503155096,0.041501976284584984
frozenset({'광안리해수욕장'}),frozenset({'CLUSTER_7'}),0.0016605778811026237,0.0662251655629139
frozenset({'광안리해수욕장'}),frozenset({'CLUSTER_2'}),0.0009963467286615742,0.03973509933774834
frozenset({'광안리해수욕장'}),frozenset({'CLUSTER_10'}),0.0014945200929923613,0.05960264900662251
frozenset({'광안리해수욕장'}),frozenset({'CLUSTER_9'}),0.0011624045167718366,0.046357615894039736
frozenset({'황련단길'}),frozenset({'CLUSTER_11'}),0.0009963467286615742,0.05042016806722689
frozenset({'황련단길'}),frozenset({'CLUSTER_5'}),0.002158751245433411,0.10924369747899161
frozenset({'황련단길'}),frozenset({'CLUSTER_2'}),0.0009963467286615742,0.05042016806722689
frozenset({'황련단길'}),frozenset({'CLUSTER_14'}),0.0008302889405513118,0.04201680672268908
frozenset({'CLUSTER_14'}),frozenset({'황련단길'}),0.0008302889405513118,0.03968253968253969
frozenset({'CLUSTER_10'}),frozenset({'황련단길'}),0.002324809033543673,0.04268292682926829
frozenset({'황련단길'}),frozenset({'CLUSTER_10'}),0.002324809033543673,0.11764705882352941
frozenset({'황련단길'}),frozenset({'CLUSTER_4'}),0.002158751245433411,0.10924369747899161
frozenset({'황련단길'}),frozenset({'CLUSTER_7'}),0.0008302889405513118,0.04201680672268908
frozenset({'CLUSTER_15'}),frozenset({'황련단길'}),0.0011624045167718366,0.04794520547945205
frozenset({'황련단길'}),frozenset({'CLUSTER_15'}),0.0011624045167718366,0.058823529411764705
frozenset({'황련단길'}),frozenset({'CLUSTER_3'}),0.002158751245433411,0.10924369747899161
frozenset({'황련단길'}),frozenset({'CLUSTER_0'}),0.0009963467286615742,0.05042016806722689
frozenset({'황련단길'}),frozenset({'CLUSTER_9'}),0.001328462304882099,0.06722689075630253
frozenset({'황련단길'}),frozenset({'CLUSTER_1'}),0.0006642311524410495,0.033613445378151266
frozenset({'황련단길'}),frozenset({'CLUSTER_17'}),0.0008302889405513118,0.04201680672268908
frozenset({'동궁과 월지'}),frozenset({'CLUSTER_11'}),0.0011624045167718366,0.07142857142857142
frozenset({'동궁과 월지'}),frozenset({'CLUSTER_2'}),0.0004981733643307871,0.03061224489795918
frozenset({'동궁과 월지'}),frozenset({'CLUSTER_4'}),0.0019926934573231483,0.12244897959183672
frozenset({'동궁과 월지'}),frozenset({'CLUSTER_3'}),0.0028229823978744603,0.173469387755102
frozenset({'동궁과 월지'}),frozenset({'CLUSTER_5'}),0.0011624045167718366,0.07142857142857142
frozenset({'동궁과 월지'}),frozenset({'CLUSTER_15'}),0.0004981733643307871,0.03061224489795918
frozenset({'동궁과 월지'}),frozenset({'CLUSTER_12'}),0.0004981733643307871,0.03061224489795918
frozenset({'동궁과 월지'}),frozenset({'CLUSTER_7'}),0.0011624045167718366,0.07142857142857142
frozenset({'동궁과 월지'}),frozenset({'CLUSTER_0'}),0.0011624045167718366,0.07142857142857142
frozenset({'동궁과 월지'}),frozenset({'CLUSTER_10'}),0.0011624045167718366,0.07142857142857142
frozenset({'동궁과 월지'}),frozenset({'CLUSTER_16'}),0.0006642311524410495,0.04081632653061224
frozenset({'동궁과 월지'}),frozenset({'CLUSTER_1'}),0.001328462304882099,0.08163265306122448
frozenset({'경포해수욕장'}),frozenset({'CLUSTER_17'}),0.0004981733643307871,0.04687499999999999
frozenset({'경포해수욕장'}),frozenset({'CLUSTER_4'}),0.001328462304882099,0.125
frozenset({'경포해수욕장'}),frozenset({'CLUSTER_23'}),0.00033211557622052476,0.03125
frozenset({'경포해수욕장'}),frozenset({'CLUSTER_5'}),0.0004981733643307871,0.04687499999999999
frozenset({'경포해수욕장'}),frozenset({'CLUSTER_3'}),0.0006642311524410495,0.0625
frozenset({'경포해수욕장'}),frozenset({'CLUSTER_9'}),0.0011624045167718366,0.109375
frozenset({'CLUSTER_12'}),frozenset({'경포해수욕장'}),0.0006642311524410495,0.032520325203252036
frozenset({'경포해수욕장'}),frozenset({'CLUSTER_12'}),0.0006642311524410495,0.0625
frozenset({'경포해수욕장'}),frozenset({'CLUSTER_0'}),0.0008302889405513118,0.078125
frozenset({'경포해수욕장'}),frozenset({'CLUSTER_2'}),0.0008302889405513118,0.078125
frozenset({'CLUSTER_8'}),frozenset({'경포해수욕장'}),0.0009963467286615742,0.03
frozenset({'경포해수욕장'}),frozenset({'CLUSTER_8'}),0.0009963467286615742,0.09374999999999999
frozenset({'경포해수욕장'}),frozenset({'CLUSTER_1'}),0.0006642311524410495,0.0625
frozenset({'경포해수욕장'}),frozenset({'CLUSTER_7'}),0.0004981733643307871,0.04687499999999999
frozenset({'경포해수욕장'}),frozenset({'CLUSTER_18'}),0.00033211557622052476,0.03125
frozenset({'강문해변'}),frozenset({'CLUSTER_17'}),0.0004981733643307871,0.03296703296703297
frozenset({'강문해변'}),frozenset({'CLUSTER_5'}),0.0004981733643307871,0.03296703296703297
frozenset({'강문해변'}),frozenset({'CLUSTER_3'}),0.003155097974094985,0.2087912087912088
frozenset({'강문해변'}),frozenset({'CLUSTER_0'}),0.0011624045167718366,0.07692307692307693
frozenset({'강문해변'}),frozenset({'CLUSTER_11'}),0.0011624045167718366,0.07692307692307693
frozenset({'강문해변'}),frozenset({'CLUSTER_4'}),0.0019926934573231483,0.13186813186813187
frozenset({'강문해변'}),frozenset({'CLUSTER_1'}),0.0008302889405513118,0.054945054945054944
frozenset({'강문해변'}),frozenset({'CLUSTER_7'}),0.0004981733643307871,0.03296703296703297
frozenset({'강문해변'}),frozenset({'CLUSTER_6'}),0.0006642311524410495,0.04395604395604396
frozenset({'강문해변'}),frozenset({'CLUSTER_10'}),0.0004981733643307871,0.03296703296703297
frozenset({'강문해변'}),frozenset({'CLUSTER_9'}),0.0018266356692128861,0.12087912087912088
frozenset({'강문해변'}),frozenset({'CLUSTER_2'}),0.0004981733643307871,0.03296703296703297
frozenset({'CLUSTER_24'}),frozenset({'해운대해수욕장'}),0.00033211557622052476,0.2
frozenset({'CLUSTER_24'}),frozenset({'아르떼 뮤지엄 강릉'}),0.00016605778811026238,0.1
frozenset({'CLUSTER_24'}),frozenset({'한밭수목원'}),0.00016605778811026238,0.1
frozenset({'CLUSTER_24'}),frozenset({'국립세종수목원'}),0.00016605778811026238,0.1
frozenset({'CLUSTER_24'}),frozenset({'단양구경시장'}),0.00016605778811026238,0.1
frozenset({'CLUSTER_24'}),frozenset({'도두동 무지개 해안도로'}),0.00016605778811026238,0.1
frozenset({'CLUSTER_24'}),frozenset({'서귀포 매일 올레시장'}),0.00016605778811026238,0.1
frozenset({'CLUSTER_24'}),frozenset({'용두암'}),0.00016605778811026238,0.1
frozenset({'CLUSTER_24'}),frozenset({'경암동 철길마을'}),0.00016605778811026238,0.1
frozenset({'속초관광수산시장'}),frozenset({'CLUSTER_5'}),0.0011624045167718366,0.056
frozenset({'속초관광수산시장'}),frozenset({'CLUSTER_9'}),0.0018266356692128861,0.08800000000000001
frozenset({'속초관광수산시장'}),frozenset({'CLUSTER_3'}),0.002158751245433411,0.10400000000000001
frozenset({'속초관광수산시장'}),frozenset({'CLUSTER_11'}),0.0018266356692128861,0.08800000000000001
frozenset({'속초관광수산시장'}),frozenset({'CLUSTER_7'}),0.0009963467286615742,0.048
frozenset({'속초관광수산시장'}),frozenset({'CLUSTER_16'}),0.0006642311524410495,0.032
frozenset({'속초관광수산시장'}),frozenset({'CLUSTER_4'}),0.001328462304882099,0.064
frozenset({'속초관광수산시장'}),frozenset({'CLUSTER_17'}),0.0009963467286615742,0.048
frozenset({'CLUSTER_10'}),frozenset({'속초관광수산시장'}),0.0016605778811026237,0.03048780487804878
frozenset({'속초관광수산시장'}),frozenset({'CLUSTER_10'}),0.0016605778811026237,0.08
frozenset({'속초관광수산시장'}),frozenset({'CLUSTER_8'}),0.0008302889405513118,0.04
frozenset({'속초관광수산시장'}),frozenset({'CLUSTER_14'}),0.0008302889405513118,0.04
frozenset({'CLUSTER_14'}),frozenset({'속초관광수산시장'}),0.0008302889405513118,0.03968253968253969
frozenset({'속초관광수산시장'}),frozenset({'CLUSTER_1'}),0.0006642311524410495,0.032
frozenset({'속초해수욕장'}),frozenset({'CLUSTER_5'}),0.0004981733643307871,0.03614457831325301
frozenset({'속초해수욕장'}),frozenset({'CLUSTER_3'}),0.002324809033543673,0.16867469879518074
frozenset({'속초해수욕장'}),frozenset({'CLUSTER_11'}),0.0018266356692128861,0.13253012048192772
frozenset({'속초해수욕장'}),frozenset({'CLUSTER_0'}),0.0006642311524410495,0.04819277108433735
frozenset({'속초해수욕장'}),frozenset({'CLUSTER_1'}),0.0009963467286615742,0.07228915662650602
frozenset({'속초해수욕장'}),frozenset({'CLUSTER_15'}),0.0004981733643307871,0.03614457831325301
frozenset({'속초해수욕장'}),frozenset({'CLUSTER_9'}),0.0008302889405513118,0.060240963855421686
frozenset({'속초해수욕장'}),frozenset({'CLUSTER_4'}),0.0006642311524410495,0.04819277108433735
frozenset({'속초해수욕장'}),frozenset({'CLUSTER_2'}),0.0004981733643307871,0.03614457831325301
frozenset({'속초해수욕장'}),frozenset({'CLUSTER_10'}),0.001328462304882099,0.0963855421686747
frozenset({'밀란 더 마켓'}),frozenset({'CLUSTER_8'}),0.00033211557622052476,0.038461538461538464
frozenset({'밀란 더 마켓'}),frozenset({'CLUSTER_0'}),0.0004981733643307871,0.05769230769230768
frozenset({'밀란 더 마켓'}),frozenset({'CLUSTER_2'}),0.0008302889405513118,0.09615384615384615
frozenset({'밀란 더 마켓'}),frozenset({'CLUSTER_3'}),0.0009963467286615742,0.11538461538461536
frozenset({'밀란 더 마켓'}),frozenset({'CLUSTER_5'}),0.0004981733643307871,0.05769230769230768
frozenset({'밀란 더 마켓'}),frozenset({'CLUSTER_17'}),0.00033211557622052476,0.038461538461538464
frozenset({'밀란 더 마켓'}),frozenset({'CLUSTER_4'}),0.0006642311524410495,0.07692307692307693
frozenset({'밀란 더 마켓'}),frozenset({'CLUSTER_9'}),0.0008302889405513118,0.09615384615384615
frozenset({'밀란 더 마켓'}),frozenset({'CLUSTER_10'}),0.0008302889405513118,0.09615384615384615
frozenset({'밀란 더 마켓'}),frozenset({'CLUSTER_11'}),0.001328462304882099,0.15384615384615385
frozenset({'밀란 더 마켓'}),frozenset({'CLUSTER_23'}),0.00033211557622052476,0.038461538461538464
frozenset({'흰 여울 문화마을'}),frozenset({'CLUSTER_4'}),0.0008302889405513118,0.0909090909090909
frozenset({'흰 여울 문화마을'}),frozenset({'CLUSTER_11'}),0.0008302889405513118,0.0909090909090909
frozenset({'흰 여울 문화마을'}),frozenset({'CLUSTER_2'}),0.0004981733643307871,0.054545454545454536
frozenset({'흰 여울 문화마을'}),frozenset({'CLUSTER_14'}),0.00033211557622052476,0.03636363636363636
frozenset({'흰 여울 문화마을'}),frozenset({'CLUSTER_3'}),0.0009963467286615742,0.10909090909090907
frozenset({'흰 여울 문화마을'}),frozenset({'CLUSTER_6'}),0.0004981733643307871,0.054545454545454536
frozenset({'흰 여울 문화마을'}),frozenset({'CLUSTER_10'}),0.0006642311524410495,0.07272727272727272
frozenset({'흰 여울 문화마을'}),frozenset({'CLUSTER_5'}),0.0004981733643307871,0.054545454545454536
frozenset({'흰 여울 문화마을'}),frozenset({'CLUSTER_9'}),0.0004981733643307871,0.054545454545454536
frozenset({'흰 여울 문화마을'}),frozenset({'CLUSTER_23'}),0.00033211557622052476,0.03636363636363636
frozenset({'흰 여울 문화마을'}),frozenset({'CLUSTER_1'}),0.0006642311524410495,0.07272727272727272
frozenset({'흰 여울 문화마을'}),frozenset({'CLUSTER_16'}),0.0004981733643307871,0.054545454545454536
frozenset({'흰 여울 문화마을'}),frozenset({'CLUSTER_7'}),0.0004981733643307871,0.054545454545454536
frozenset({'흰 여울 문화마을'}),frozenset({'CLUSTER_0'}),0.00033211557622052476,0.03636363636363636
frozenset({'불국사'}),frozenset({'CLUSTER_8'}),0.0006642311524410495,0.0625
frozenset({'불국사'}),frozenset({'CLUSTER_4'}),0.0008302889405513118,0.078125
frozenset({'불국사'}),frozenset({'CLUSTER_15'}),0.0006642311524410495,0.0625
frozenset({'불국사'}),frozenset({'CLUSTER_5'}),0.0008302889405513118,0.078125
frozenset({'불국사'}),frozenset({'CLUSTER_2'}),0.0006642311524410495,0.0625
frozenset({'불국사'}),frozenset({'CLUSTER_7'}),0.0004981733643307871,0.04687499999999999
frozenset({'불국사'}),frozenset({'CLUSTER_0'}),0.0004981733643307871,0.04687499999999999
frozenset({'불국사'}),frozenset({'CLUSTER_3'}),0.0008302889405513118,0.078125
frozenset({'불국사'}),frozenset({'CLUSTER_9'}),0.0004981733643307871,0.04687499999999999
frozenset({'불국사'}),frozenset({'CLUSTER_10'}),0.00033211557622052476,0.03125
frozenset({'불국사'}),frozenset({'CLUSTER_16'}),0.0006642311524410495,0.0625
frozenset({'불국사'}),frozenset({'CLUSTER_23'}),0.0006642311524410495,0.0625
frozenset({'CLUSTER_23'}),frozenset({'불국사'}),0.0006642311524410495,0.03478260869565218
frozenset({'불국사'}),frozenset({'CLUSTER_17'}),0.00033211557622052476,0.03125
frozenset({'불국사'}),frozenset({'CLUSTER_11'}),0.0004981733643307871,0.04687499999999999
frozenset({'불국사'}),frozenset({'CLUSTER_6'}),0.00033211557622052476,0.03125
frozenset({'불국사'}),frozenset({'CLUSTER_18'}),0.00033211557622052476,0.03125
frozenset({'불국사'}),frozenset({'CLUSTER_14'}),0.00033211557622052476,0.03125
frozenset({'강릉 중앙시장'}),frozenset({'CLUSTER_5'}),0.0006642311524410495,0.03921568627450981
frozenset({'강릉 중앙시장'}),frozenset({'CLUSTER_3'}),0.0034872135503155096,0.20588235294117646
frozenset({'CLUSTER_0'}),frozenset({'강릉 중앙시장'}),0.0014945200929923613,0.03515624999999999
frozenset({'강릉 중앙시장'}),frozenset({'CLUSTER_0'}),0.0014945200929923613,0.08823529411764706
frozenset({'강릉 중앙시장'}),frozenset({'CLUSTER_7'}),0.0008302889405513118,0.049019607843137254
frozenset({'강릉 중앙시장'}),frozenset({'CLUSTER_4'}),0.0009963467286615742,0.058823529411764705
frozenset({'강릉 중앙시장'}),frozenset({'CLUSTER_9'}),0.0018266356692128861,0.10784313725490197
frozenset({'강릉 중앙시장'}),frozenset({'CLUSTER_6'}),0.001328462304882099,0.07843137254901962
frozenset({'CLUSTER_6'}),frozenset({'강릉 중앙시장'}),0.001328462304882099,0.03333333333333334
frozenset({'강릉 중앙시장'}),frozenset({'CLUSTER_2'}),0.0008302889405513118,0.049019607843137254
frozenset({'CLUSTER_8'}),frozenset({'강릉 중앙시장'}),0.0009963467286615742,0.03
frozenset({'강릉 중앙시장'}),frozenset({'CLUSTER_8'}),0.0009963467286615742,0.058823529411764705
frozenset({'강릉 중앙시장'}),frozenset({'CLUSTER_1'}),0.0006642311524410495,0.03921568627450981
frozenset({'아르떼 뮤지엄 강릉'}),frozenset({'CLUSTER_5'}),0.0004981733643307871,0.05769230769230768
frozenset({'아르떼 뮤지엄 강릉'}),frozenset({'CLUSTER_3'}),0.001328462304882099,0.15384615384615385
frozenset({'아르떼 뮤지엄 강릉'}),frozenset({'CLUSTER_23'}),0.0004981733643307871,0.05769230769230768
frozenset({'아르떼 뮤지엄 강릉'}),frozenset({'CLUSTER_4'}),0.0008302889405513118,0.09615384615384615
frozenset({'아르떼 뮤지엄 강릉'}),frozenset({'CLUSTER_0'}),0.0006642311524410495,0.07692307692307693
frozenset({'아르떼 뮤지엄 강릉'}),frozenset({'CLUSTER_11'}),0.0006642311524410495,0.07692307692307693
frozenset({'아르떼 뮤지엄 강릉'}),frozenset({'CLUSTER_6'}),0.00033211557622052476,0.038461538461538464
frozenset({'아르떼 뮤지엄 강릉'}),frozenset({'CLUSTER_2'}),0.00033211557622052476,0.038461538461538464
frozenset({'아르떼 뮤지엄 강릉'}),frozenset({'CLUSTER_8'}),0.0004981733643307871,0.05769230769230768
frozenset({'아르떼 뮤지엄 강릉'}),frozenset({'CLUSTER_1'}),0.0006642311524410495,0.07692307692307693
frozenset({'아르떼 뮤지엄 강릉'}),frozenset({'CLUSTER_9'}),0.0009963467286615742,0.11538461538461536
frozenset({'아르떼 뮤지엄 강릉'}),frozenset({'CLUSTER_7'}),0.00033211557622052476,0.038461538461538464
frozenset({'첨성대'}),frozenset({'CLUSTER_1'}),0.0009963467286615742,0.04687499999999999
frozenset({'첨성대'}),frozenset({'CLUSTER_2'}),0.0009963467286615742,0.04687499999999999
frozenset({'CLUSTER_10'}),frozenset({'첨성대'}),0.0016605778811026237,0.03048780487804878
frozenset({'첨성대'}),frozenset({'CLUSTER_10'}),0.0016605778811026237,0.078125
frozenset({'첨성대'}),frozenset({'CLUSTER_7'}),0.0018266356692128861,0.0859375
frozenset({'첨성대'}),frozenset({'CLUSTER_4'}),0.0028229823978744603,0.1328125
frozenset({'CLUSTER_4'}),frozenset({'첨성대'}),0.0028229823978744603,0.03359683794466403
frozenset({'첨성대'}),frozenset({'CLUSTER_8'}),0.0008302889405513118,0.0390625
frozenset({'첨성대'}),frozenset({'CLUSTER_3'}),0.0033211557622052474,0.15625
frozenset({'첨성대'}),frozenset({'CLUSTER_5'}),0.001328462304882099,0.0625
frozenset({'첨성대'}),frozenset({'CLUSTER_0'}),0.0006642311524410495,0.03125
frozenset({'첨성대'}),frozenset({'CLUSTER_15'}),0.0006642311524410495,0.03125
frozenset({'첨성대'}),frozenset({'CLUSTER_11'}),0.0014945200929923613,0.07031249999999999
frozenset({'CLUSTER_1'}),frozenset({'대릉원'}),0.0016605778811026237,0.03257328990228013
frozenset({'대릉원'}),frozenset({'CLUSTER_1'}),0.0016605778811026237,0.07299270072992702
frozenset({'대릉원'}),frozenset({'CLUSTER_5'}),0.0019926934573231483,0.08759124087591241
frozenset({'대릉원'}),frozenset({'CLUSTER_2'}),0.0014945200929923613,0.06569343065693431
frozenset({'대릉원'}),frozenset({'CLUSTER_4'}),0.0029890401859847225,0.13138686131386862
frozenset({'CLUSTER_4'}),frozenset({'대릉원'}),0.0029890401859847225,0.03557312252964427
frozenset({'대릉원'}),frozenset({'CLUSTER_7'}),0.0009963467286615742,0.043795620437956206
frozenset({'대릉원'}),frozenset({'CLUSTER_3'}),0.0034872135503155096,0.15328467153284672
frozenset({'대릉원'}),frozenset({'CLUSTER_9'}),0.0009963467286615742,0.043795620437956206
frozenset({'대릉원'}),frozenset({'CLUSTER_11'}),0.0014945200929923613,0.06569343065693431
frozenset({'대릉원'}),frozenset({'CLUSTER_0'}),0.0011624045167718366,0.051094890510948905
frozenset({'대릉원'}),frozenset({'CLUSTER_10'}),0.0011624045167718366,0.051094890510948905
frozenset({'국립경주박물관'}),frozenset({'CLUSTER_4'}),0.001328462304882099,0.13333333333333336
frozenset({'국립경주박물관'}),frozenset({'CLUSTER_5'}),0.0008302889405513118,0.08333333333333334
frozenset({'국립경주박물관'}),frozenset({'CLUSTER_7'}),0.0004981733643307871,0.05
frozenset({'국립경주박물관'}),frozenset({'CLUSTER_15'}),0.0009963467286615742,0.1
frozenset({'CLUSTER_15'}),frozenset({'국립경주박물관'}),0.0009963467286615742,0.0410958904109589
frozenset({'국립경주박물관'}),frozenset({'CLUSTER_11'}),0.0006642311524410495,0.06666666666666668
frozenset({'국립경주박물관'}),frozenset({'CLUSTER_12'}),0.00033211557622052476,0.03333333333333334
frozenset({'국립경주박물관'}),frozenset({'CLUSTER_2'}),0.00033211557622052476,0.03333333333333334
frozenset({'국립경주박물관'}),frozenset({'CLUSTER_9'}),0.0006642311524410495,0.06666666666666668
frozenset({'국립경주박물관'}),frozenset({'CLUSTER_3'}),0.0008302889405513118,0.08333333333333334
frozenset({'국립경주박물관'}),frozenset({'CLUSTER_13'}),0.00033211557622052476,0.03333333333333334
frozenset({'국립경주박물관'}),frozenset({'CLUSTER_23'}),0.00033211557622052476,0.03333333333333334
frozenset({'국립경주박물관'}),frozenset({'CLUSTER_17'}),0.00033211557622052476,0.03333333333333334
frozenset({'국립경주박물관'}),frozenset({'CLUSTER_10'}),0.0006642311524410495,0.06666666666666668
frozenset({'국립경주박물관'}),frozenset({'CLUSTER_14'}),0.00033211557622052476,0.03333333333333334
frozenset({'국립경주박물관'}),frozenset({'CLUSTER_16'}),0.00033211557622052476,0.03333333333333334
frozenset({'월정교'}),frozenset({'CLUSTER_5'}),0.0014945200929923613,0.15
frozenset({'월정교'}),frozenset({'CLUSTER_2'}),0.0006642311524410495,0.06666666666666668
frozenset({'월정교'}),frozenset({'CLUSTER_7'}),0.0009963467286615742,0.1
frozenset({'월정교'}),frozenset({'CLUSTER_4'}),0.001328462304882099,0.13333333333333336
frozenset({'월정교'}),frozenset({'CLUSTER_8'}),0.00033211557622052476,0.03333333333333334
frozenset({'월정교'}),frozenset({'CLUSTER_3'}),0.0014945200929923613,0.15
frozenset({'월정교'}),frozenset({'CLUSTER_10'}),0.0006642311524410495,0.06666666666666668
frozenset({'월정교'}),frozenset({'CLUSTER_16'}),0.00033211557622052476,0.03333333333333334
frozenset({'월정교'}),frozenset({'CLUSTER_1'}),0.0004981733643307871,0.05
frozenset({'월정교'}),frozenset({'CLUSTER_11'}),0.0004981733643307871,0.05
frozenset({'월정교'}),frozenset({'CLUSTER_13'}),0.00033211557622052476,0.03333333333333334
frozenset({'CLUSTER_27'}),frozenset({'강문해변'}),0.00016605778811026238,0.07142857142857144
frozenset({'CLUSTER_27'}),frozenset({'속초관광수산시장'}),0.00016605778811026238,0.07142857142857144
frozenset({'CLUSTER_27'}),frozenset({'한밭수목원'}),0.00016605778811026238,0.07142857142857144
frozenset({'CLUSTER_27'}),frozenset({'서귀포 매일 올레시장'}),0.00033211557622052476,0.14285714285714288
frozenset({'CLUSTER_27'}),frozenset({'오설록 티 뮤지엄'}),0.00016605778811026238,0.07142857142857144
frozenset({'CLUSTER_27'}),frozenset({'협재해수욕장'}),0.00016605778811026238,0.07142857142857144
frozenset({'CLUSTER_27'}),frozenset({'곽지해수욕장'}),0.00016605778811026238,0.07142857142857144
frozenset({'CLUSTER_27'}),frozenset({'금오름'}),0.00016605778811026238,0.07142857142857144
frozenset({'CLUSTER_27'}),frozenset({'중문색달해수욕장'}),0.00016605778811026238,0.07142857142857144
frozenset({'CLUSTER_27'}),frozenset({'천지연폭포'}),0.00016605778811026238,0.07142857142857144
frozenset({'CLUSTER_27'}),frozenset({'성산일출봉'}),0.00016605778811026238,0.07142857142857144
frozenset({'CLUSTER_27'}),frozenset({'비자림'}),0.00016605778811026238,0.07142857142857144
frozenset({'CLUSTER_27'}),frozenset({'단양구경시장'}),0.00016605778811026238,0.07142857142857144
frozenset({'곽지해수욕장'}),frozenset({'CLUSTER_19'}),0.0004981733643307871,0.0303030303030303
frozenset({'CLUSTER_19'}),frozenset({'곽지해수욕장'}),0.0004981733643307871,0.04285714285714285
frozenset({'CLUSTER_19'}),frozenset({'성산일출봉'}),0.0004981733643307871,0.04285714285714285
frozenset({'CLUSTER_19'}),frozenset({'서귀포 매일 올레시장'}),0.0008302889405513118,0.07142857142857142
frozenset({'금능해수욕장'}),frozenset({'CLUSTER_19'}),0.0004981733643307871,0.030927835051546393
frozenset({'CLUSTER_19'}),frozenset({'금능해수욕장'}),0.0004981733643307871,0.04285714285714285
frozenset({'CLUSTER_19'}),frozenset({'협재해수욕장'}),0.0004981733643307871,0.04285714285714285
frozenset({'안목 해변'}),frozenset({'CLUSTER_3'}),0.0019926934573231483,0.21818181818181814
frozenset({'안목 해변'}),frozenset({'CLUSTER_4'}),0.0004981733643307871,0.054545454545454536
frozenset({'안목 해변'}),frozenset({'CLUSTER_0'}),0.0008302889405513118,0.0909090909090909
frozenset({'안목 해변'}),frozenset({'CLUSTER_11'}),0.0008302889405513118,0.0909090909090909
frozenset({'안목 해변'}),frozenset({'CLUSTER_2'}),0.00033211557622052476,0.03636363636363636
frozenset({'안목 해변'}),frozenset({'CLUSTER_8'}),0.0006642311524410495,0.07272727272727272
frozenset({'안목 해변'}),frozenset({'CLUSTER_5'}),0.00033211557622052476,0.03636363636363636
frozenset({'안목 해변'}),frozenset({'CLUSTER_1'}),0.0006642311524410495,0.07272727272727272
frozenset({'안목 해변'}),frozenset({'CLUSTER_10'}),0.0008302889405513118,0.0909090909090909
frozenset({'안목 해변'}),frozenset({'CLUSTER_6'}),0.00033211557622052476,0.03636363636363636
frozenset({'안목 해변'}),frozenset({'CLUSTER_9'}),0.0006642311524410495,0.07272727272727272
frozenset({'안목 해변'}),frozenset({'CLUSTER_7'}),0.0004981733643307871,0.054545454545454536
frozenset({'안목 해변'}),frozenset({'CLUSTER_17'}),0.00033211557622052476,0.03636363636363636
frozenset({'안목 해변'}),frozenset({'CLUSTER_23'}),0.00033211557622052476,0.03636363636363636
frozenset({'이순신광장'}),frozenset({'CLUSTER_2'}),0.001328462304882099,0.08421052631578949
frozenset({'이순신광장'}),frozenset({'CLUSTER_16'}),0.0006642311524410495,0.04210526315789474
frozenset({'이순신광장'}),frozenset({'CLUSTER_3'}),0.0019926934573231483,0.12631578947368421
frozenset({'이순신광장'}),frozenset({'CLUSTER_1'}),0.0014945200929923613,0.09473684210526316
frozenset({'이순신광장'}),frozenset({'CLUSTER_7'}),0.0004981733643307871,0.031578947368421054
frozenset({'이순신광장'}),frozenset({'CLUSTER_0'}),0.0011624045167718366,0.0736842105263158
frozenset({'이순신광장'}),frozenset({'CLUSTER_5'}),0.0011624045167718366,0.0736842105263158
frozenset({'이순신광장'}),frozenset({'CLUSTER_9'}),0.0009963467286615742,0.06315789473684211
frozenset({'이순신광장'}),frozenset({'CLUSTER_4'}),0.0014945200929923613,0.09473684210526316
frozenset({'이순신광장'}),frozenset({'CLUSTER_10'}),0.0008302889405513118,0.05263157894736842
frozenset({'이순신광장'}),frozenset({'CLUSTER_15'}),0.0006642311524410495,0.04210526315789474
frozenset({'이순신광장'}),frozenset({'CLUSTER_14'}),0.0004981733643307871,0.031578947368421054
frozenset({'이순신광장'}),frozenset({'CLUSTER_17'}),0.0004981733643307871,0.031578947368421054
frozenset({'이순신광장'}),frozenset({'CLUSTER_8'}),0.0004981733643307871,0.031578947368421054
frozenset({'이순신광장'}),frozenset({'CLUSTER_23'}),0.0004981733643307871,0.031578947368421054
frozenset({'오동도'}),frozenset({'CLUSTER_2'}),0.0011624045167718366,0.10294117647058823
frozenset({'오동도'}),frozenset({'CLUSTER_17'}),0.0004981733643307871,0.044117647058823525
frozenset({'오동도'}),frozenset({'CLUSTER_4'}),0.0009963467286615742,0.08823529411764705
frozenset({'오동도'}),frozenset({'CLUSTER_9'}),0.0006642311524410495,0.05882352941176471
frozenset({'오동도'}),frozenset({'CLUSTER_3'}),0.0019926934573231483,0.1764705882352941
frozenset({'오동도'}),frozenset({'CLUSTER_11'}),0.0008302889405513118,0.07352941176470588
frozenset({'오동도'}),frozenset({'CLUSTER_23'}),0.0004981733643307871,0.044117647058823525
frozenset({'오동도'}),frozenset({'CLUSTER_10'}),0.0006642311524410495,0.05882352941176471
frozenset({'오동도'}),frozenset({'CLUSTER_1'}),0.0004981733643307871,0.044117647058823525
frozenset({'오동도'}),frozenset({'CLUSTER_0'}),0.0004981733643307871,0.044117647058823525
frozenset({'단양구경시장'}),frozenset({'CLUSTER_0'}),0.0004981733643307871,0.044117647058823525
frozenset({'단양구경시장'}),frozenset({'CLUSTER_3'}),0.0009963467286615742,0.08823529411764705
frozenset({'단양구경시장'}),frozenset({'CLUSTER_5'}),0.0008302889405513118,0.07352941176470588
frozenset({'단양구경시장'}),frozenset({'CLUSTER_12'}),0.0008302889405513118,0.07352941176470588
frozenset({'CLUSTER_12'}),frozenset({'단양구경시장'}),0.0008302889405513118,0.04065040650406504
frozenset({'단양구경시장'}),frozenset({'CLUSTER_10'}),0.0011624045167718366,0.10294117647058823
frozenset({'단양구경시장'}),frozenset({'CLUSTER_8'}),0.0004981733643307871,0.044117647058823525
frozenset({'단양구경시장'}),frozenset({'CLUSTER_1'}),0.0006642311524410495,0.05882352941176471
frozenset({'단양구경시장'}),frozenset({'CLUSTER_11'}),0.0009963467286615742,0.08823529411764705
frozenset({'단양구경시장'}),frozenset({'CLUSTER_16'}),0.0004981733643307871,0.044117647058823525
frozenset({'단양구경시장'}),frozenset({'CLUSTER_6'}),0.0006642311524410495,0.05882352941176471
frozenset({'단양구경시장'}),frozenset({'CLUSTER_14'}),0.0006642311524410495,0.05882352941176471
frozenset({'CLUSTER_14'}),frozenset({'단양구경시장'}),0.0006642311524410495,0.03174603174603175
frozenset({'단양구경시장'}),frozenset({'CLUSTER_7'}),0.0004981733643307871,0.044117647058823525
frozenset({'한밭수목원'}),frozenset({'CLUSTER_5'}),0.002158751245433411,0.10236220472440945
frozenset({'한밭수목원'}),frozenset({'CLUSTER_8'}),0.0006642311524410495,0.031496062992125984
frozenset({'한밭수목원'}),frozenset({'CLUSTER_11'}),0.002158751245433411,0.10236220472440945
frozenset({'한밭수목원'}),frozenset({'CLUSTER_10'}),0.001328462304882099,0.06299212598425197
frozenset({'한밭수목원'}),frozenset({'CLUSTER_3'}),0.0036532713384257723,0.1732283464566929
frozenset({'CLUSTER_3'}),frozenset({'한밭수목원'}),0.0036532713384257723,0.030178326474622773
frozenset({'한밭수목원'}),frozenset({'CLUSTER_4'}),0.0038193291265360345,0.1811023622047244
frozenset({'CLUSTER_4'}),frozenset({'한밭수목원'}),0.0038193291265360345,0.045454545454545456
frozenset({'한밭수목원'}),frozenset({'CLUSTER_9'}),0.0009963467286615742,0.04724409448818897
frozenset({'한밭수목원'}),frozenset({'CLUSTER_7'}),0.0018266356692128861,0.08661417322834646
frozenset({'한밭수목원'}),frozenset({'CLUSTER_6'}),0.0009963467286615742,0.04724409448818897
frozenset({'대전시립미술관'}),frozenset({'CLUSTER_5'}),0.001328462304882099,0.13114754098360656
frozenset({'대전시립미술관'}),frozenset({'CLUSTER_14'}),0.0004981733643307871,0.04918032786885245
frozenset({'대전시립미술관'}),frozenset({'CLUSTER_11'}),0.0009963467286615742,0.0983606557377049
frozenset({'대전시립미술관'}),frozenset({'CLUSTER_1'}),0.0006642311524410495,0.06557377049180328
frozenset({'대전시립미술관'}),frozenset({'CLUSTER_3'}),0.0011624045167718366,0.11475409836065573
frozenset({'대전시립미술관'}),frozenset({'CLUSTER_4'}),0.0011624045167718366,0.11475409836065573
frozenset({'대전시립미술관'}),frozenset({'CLUSTER_10'}),0.00033211557622052476,0.03278688524590164
frozenset({'대전시립미술관'}),frozenset({'CLUSTER_0'}),0.0006642311524410495,0.06557377049180328
frozenset({'대전시립미술관'}),frozenset({'CLUSTER_7'}),0.0006642311524410495,0.06557377049180328
frozenset({'대전시립미술관'}),frozenset({'CLUSTER_2'}),0.00033211557622052476,0.03278688524590164
frozenset({'대전시립미술관'}),frozenset({'CLUSTER_9'}),0.0008302889405513118,0.08196721311475409
frozenset({'대전시립미술관'}),frozenset({'CLUSTER_13'}),0.00033211557622052476,0.03278688524590164
frozenset({'대전시립미술관'}),frozenset({'CLUSTER_23'}),0.00033211557622052476,0.03278688524590164
frozenset({'경기전'}),frozenset({'CLUSTER_8'}),0.00033211557622052476,0.03225806451612903
frozenset({'경기전'}),frozenset({'CLUSTER_4'}),0.0018266356692128861,0.1774193548387097
frozenset({'경기전'}),frozenset({'CLUSTER_3'}),0.0008302889405513118,0.08064516129032258
frozenset({'경기전'}),frozenset({'CLUSTER_7'}),0.0004981733643307871,0.04838709677419355
frozenset({'경기전'}),frozenset({'CLUSTER_2'}),0.001328462304882099,0.12903225806451613
frozenset({'경기전'}),frozenset({'CLUSTER_22'}),0.0004981733643307871,0.04838709677419355
frozenset({'CLUSTER_22'}),frozenset({'경기전'}),0.0004981733643307871,0.03529411764705882
frozenset({'경기전'}),frozenset({'CLUSTER_10'}),0.00033211557622052476,0.03225806451612903
frozenset({'경기전'}),frozenset({'CLUSTER_5'}),0.0011624045167718366,0.11290322580645161
frozenset({'경기전'}),frozenset({'CLUSTER_11'}),0.0006642311524410495,0.06451612903225806
frozenset({'경기전'}),frozenset({'CLUSTER_0'}),0.0004981733643307871,0.04838709677419355
frozenset({'경기전'}),frozenset({'CLUSTER_9'}),0.00033211557622052476,0.03225806451612903
frozenset({'경기전'}),frozenset({'CLUSTER_21'}),0.00033211557622052476,0.03225806451612903
frozenset({'경기전'}),frozenset({'CLUSTER_1'}),0.00033211557622052476,0.03225806451612903
frozenset({'전동성당'}),frozenset({'CLUSTER_6'}),0.0004981733643307871,0.05
frozenset({'전동성당'}),frozenset({'CLUSTER_4'}),0.0009963467286615742,0.1
frozenset({'전동성당'}),frozenset({'CLUSTER_3'}),0.0014945200929923613,0.15
frozenset({'전동성당'}),frozenset({'CLUSTER_8'}),0.0006642311524410495,0.06666666666666668
frozenset({'전동성당'}),frozenset({'CLUSTER_10'}),0.00033211557622052476,0.03333333333333334
frozenset({'전동성당'}),frozenset({'CLUSTER_14'}),0.00033211557622052476,0.03333333333333334
frozenset({'전동성당'}),frozenset({'CLUSTER_0'}),0.0006642311524410495,0.06666666666666668
frozenset({'전동성당'}),frozenset({'CLUSTER_5'}),0.0006642311524410495,0.06666666666666668
frozenset({'전동성당'}),frozenset({'CLUSTER_2'}),0.0008302889405513118,0.08333333333333334
frozenset({'전동성당'}),frozenset({'CLUSTER_7'}),0.00033211557622052476,0.03333333333333334
frozenset({'전동성당'}),frozenset({'CLUSTER_11'}),0.0004981733643307871,0.05
frozenset({'전동성당'}),frozenset({'CLUSTER_9'}),0.00033211557622052476,0.03333333333333334
frozenset({'전동성당'}),frozenset({'CLUSTER_17'}),0.0004981733643307871,0.05
frozenset({'전동성당'}),frozenset({'CLUSTER_13'}),0.00033211557622052476,0.03333333333333334
frozenset({'전동성당'}),frozenset({'CLUSTER_1'}),0.0006642311524410495,0.06666666666666668
frozenset({'국립세종수목원'}),frozenset({'CLUSTER_3'}),0.00033211557622052476,0.03571428571428572
frozenset({'국립세종수목원'}),frozenset({'CLUSTER_9'}),0.0014945200929923613,0.1607142857142857
frozenset({'국립세종수목원'}),frozenset({'CLUSTER_7'}),0.0008302889405513118,0.08928571428571429
frozenset({'국립세종수목원'}),frozenset({'CLUSTER_16'}),0.0004981733643307871,0.05357142857142857
frozenset({'국립세종수목원'}),frozenset({'CLUSTER_5'}),0.0006642311524410495,0.07142857142857144
frozenset({'국립세종수목원'}),frozenset({'CLUSTER_15'}),0.0009963467286615742,0.10714285714285714
frozenset({'CLUSTER_15'}),frozenset({'국립세종수목원'}),0.0009963467286615742,0.0410958904109589
frozenset({'국립세종수목원'}),frozenset({'CLUSTER_1'}),0.0004981733643307871,0.05357142857142857
frozenset({'국립세종수목원'}),frozenset({'CLUSTER_10'}),0.00033211557622052476,0.03571428571428572
frozenset({'국립세종수목원'}),frozenset({'CLUSTER_11'}),0.00033211557622052476,0.03571428571428572
frozenset({'국립세종수목원'}),frozenset({'CLUSTER_12'}),0.00033211557622052476,0.03571428571428572
frozenset({'국립세종수목원'}),frozenset({'CLUSTER_17'}),0.0004981733643307871,0.05357142857142857
frozenset({'국립세종수목원'}),frozenset({'CLUSTER_14'}),0.00033211557622052476,0.03571428571428572
frozenset({'국립세종수목원'}),frozenset({'CLUSTER_8'}),0.0004981733643307871,0.05357142857142857
frozenset({'국립세종수목원'}),frozenset({'CLUSTER_2'}),0.00033211557622052476,0.03571428571428572
frozenset({'초원 사진관'}),frozenset({'CLUSTER_2'}),0.0008302889405513118,0.08333333333333334
frozenset({'초원 사진관'}),frozenset({'CLUSTER_17'}),0.0008302889405513118,0.08333333333333334
frozenset({'초원 사진관'}),frozenset({'CLUSTER_9'}),0.0006642311524410495,0.06666666666666668
frozenset({'초원 사진관'}),frozenset({'CLUSTER_1'}),0.0004981733643307871,0.05
frozenset({'초원 사진관'}),frozenset({'CLUSTER_10'}),0.0008302889405513118,0.08333333333333334
frozenset({'초원 사진관'}),frozenset({'CLUSTER_7'}),0.0008302889405513118,0.08333333333333334
frozenset({'초원 사진관'}),frozenset({'CLUSTER_16'}),0.0006642311524410495,0.06666666666666668
frozenset({'초원 사진관'}),frozenset({'CLUSTER_0'}),0.0006642311524410495,0.06666666666666668
frozenset({'초원 사진관'}),frozenset({'CLUSTER_3'}),0.001328462304882099,0.13333333333333336
frozenset({'초원 사진관'}),frozenset({'CLUSTER_11'}),0.0004981733643307871,0.05
frozenset({'초원 사진관'}),frozenset({'CLUSTER_21'}),0.00033211557622052476,0.03333333333333334
frozenset({'초원 사진관'}),frozenset({'CLUSTER_12'}),0.00033211557622052476,0.03333333333333334
frozenset({'초원 사진관'}),frozenset({'CLUSTER_5'}),0.00033211557622052476,0.03333333333333334
frozenset({'초원 사진관'}),frozenset({'CLUSTER_4'}),0.00033211557622052476,0.03333333333333334
frozenset({'초원 사진관'}),frozenset({'CLUSTER_22'}),0.00033211557622052476,0.03333333333333334
frozenset({'대천해수욕장'}),frozenset({'CLUSTER_2'}),0.0004981733643307871,0.05357142857142857
frozenset({'대천해수욕장'}),frozenset({'CLUSTER_11'}),0.0006642311524410495,0.07142857142857144
frozenset({'대천해수욕장'}),frozenset({'CLUSTER_4'}),0.0008302889405513118,0.08928571428571429
frozenset({'대천해수욕장'}),frozenset({'CLUSTER_16'}),0.0004981733643307871,0.05357142857142857
frozenset({'대천해수욕장'}),frozenset({'CLUSTER_8'}),0.0009963467286615742,0.10714285714285714
frozenset({'CLUSTER_8'}),frozenset({'대천해수욕장'}),0.0009963467286615742,0.03
frozenset({'대천해수욕장'}),frozenset({'CLUSTER_3'}),0.0008302889405513118,0.08928571428571429
frozenset({'대천해수욕장'}),frozenset({'CLUSTER_10'}),0.0008302889405513118,0.08928571428571429
frozenset({'대천해수욕장'}),frozenset({'CLUSTER_5'}),0.0008302889405513118,0.08928571428571429
frozenset({'대천해수욕장'}),frozenset({'CLUSTER_13'}),0.00033211557622052476,0.03571428571428572
frozenset({'대천해수욕장'}),frozenset({'CLUSTER_7'}),0.0004981733643307871,0.05357142857142857
frozenset({'대천해수욕장'}),frozenset({'CLUSTER_1'}),0.0008302889405513118,0.08928571428571429
frozenset({'경암동 철길마을'}),frozenset({'CLUSTER_17'}),0.0009963467286615742,0.08955223880597014
frozenset({'CLUSTER_13'}),frozenset({'경암동 철길마을'}),0.0004981733643307871,0.04
frozenset({'경암동 철길마을'}),frozenset({'CLUSTER_13'}),0.0004981733643307871,0.04477611940298507
frozenset({'경암동 철길마을'}),frozenset({'CLUSTER_16'}),0.0008302889405513118,0.07462686567164178
frozenset({'CLUSTER_16'}),frozenset({'경암동 철길마을'}),0.0008302889405513118,0.03225806451612903
frozenset({'경암동 철길마을'}),frozenset({'CLUSTER_10'}),0.0004981733643307871,0.04477611940298507
frozenset({'경암동 철길마을'}),frozenset({'CLUSTER_7'}),0.0009963467286615742,0.08955223880597014
frozenset({'경암동 철길마을'}),frozenset({'CLUSTER_3'}),0.0011624045167718366,0.1044776119402985
frozenset({'경암동 철길마을'}),frozenset({'CLUSTER_0'}),0.0006642311524410495,0.05970149253731343
frozenset({'경암동 철길마을'}),frozenset({'CLUSTER_2'}),0.0008302889405513118,0.07462686567164178
frozenset({'경암동 철길마을'}),frozenset({'CLUSTER_21'}),0.0006642311524410495,0.05970149253731343
frozenset({'CLUSTER_21'}),frozenset({'경암동 철길마을'}),0.0006642311524410495,0.04301075268817204
frozenset({'경암동 철길마을'}),frozenset({'CLUSTER_4'}),0.0004981733643307871,0.04477611940298507
frozenset({'경암동 철길마을'}),frozenset({'CLUSTER_9'}),0.0008302889405513118,0.07462686567164178
frozenset({'경암동 철길마을'}),frozenset({'CLUSTER_1'}),0.0004981733643307871,0.04477611940298507
frozenset({'여수 해상 케이블카'}),frozenset({'CLUSTER_2'}),0.0004981733643307871,0.06
frozenset({'여수 해상 케이블카'}),frozenset({'CLUSTER_0'}),0.0006642311524410495,0.08
frozenset({'여수 해상 케이블카'}),frozenset({'CLUSTER_4'}),0.0004981733643307871,0.06
frozenset({'여수 해상 케이블카'}),frozenset({'CLUSTER_5'}),0.0004981733643307871,0.06
frozenset({'여수 해상 케이블카'}),frozenset({'CLUSTER_9'}),0.0004981733643307871,0.06
frozenset({'여수 해상 케이블카'}),frozenset({'CLUSTER_1'}),0.00033211557622052476,0.04
frozenset({'여수 해상 케이블카'}),frozenset({'CLUSTER_14'}),0.0004981733643307871,0.06
frozenset({'여수 해상 케이블카'}),frozenset({'CLUSTER_11'}),0.0006642311524410495,0.08
frozenset({'여수 해상 케이블카'}),frozenset({'CLUSTER_15'}),0.00033211557622052476,0.04
frozenset({'여수 해상 케이블카'}),frozenset({'CLUSTER_8'}),0.00033211557622052476,0.04
frozenset({'여수 해상 케이블카'}),frozenset({'CLUSTER_3'}),0.0018266356692128861,0.22
frozenset({'여수 해상 케이블카'}),frozenset({'CLUSTER_17'}),0.00033211557622052476,0.04
frozenset({'여수 해상 케이블카'}),frozenset({'CLUSTER_10'}),0.00033211557622052476,0.04
frozenset({'여수 해상 케이블카'}),frozenset({'CLUSTER_21'}),0.00033211557622052476,0.04
frozenset({'용두암'}),frozenset({'CLUSTER_3'}),0.0014945200929923613,0.13043478260869565
frozenset({'용두암'}),frozenset({'CLUSTER_4'}),0.001328462304882099,0.11594202898550726
frozenset({'용두암'}),frozenset({'CLUSTER_7'}),0.0008302889405513118,0.07246376811594203
frozenset({'용두암'}),frozenset({'CLUSTER_9'}),0.0006642311524410495,0.05797101449275363
frozenset({'용두암'}),frozenset({'CLUSTER_11'}),0.0009963467286615742,0.08695652173913043
frozenset({'용두암'}),frozenset({'CLUSTER_2'}),0.001328462304882099,0.11594202898550726
frozenset({'용두암'}),frozenset({'CLUSTER_10'}),0.0004981733643307871,0.043478260869565216
frozenset({'용두암'}),frozenset({'CLUSTER_5'}),0.0006642311524410495,0.05797101449275363
frozenset({'용두암'}),frozenset({'CLUSTER_21'}),0.0004981733643307871,0.043478260869565216
frozenset({'CLUSTER_21'}),frozenset({'용두암'}),0.0004981733643307871,0.03225806451612903
frozenset({'함덕해수욕장'}),frozenset({'CLUSTER_3'}),0.004151444702756559,0.11013215859030838
frozenset({'CLUSTER_3'}),frozenset({'함덕해수욕장'}),0.004151444702756559,0.03429355281207133
frozenset({'함덕해수욕장'}),frozenset({'CLUSTER_4'}),0.0038193291265360345,0.1013215859030837
frozenset({'CLUSTER_4'}),frozenset({'함덕해수욕장'}),0.0038193291265360345,0.045454545454545456
frozenset({'CLUSTER_2'}),frozenset({'함덕해수욕장'}),0.0018266356692128861,0.035483870967741936
frozenset({'함덕해수욕장'}),frozenset({'CLUSTER_2'}),0.0018266356692128861,0.048458149779735685
frozenset({'함덕해수욕장'}),frozenset({'CLUSTER_7'}),0.0029890401859847225,0.07929515418502203
frozenset({'CLUSTER_7'}),frozenset({'함덕해수욕장'}),0.0029890401859847225,0.04724409448818897
frozenset({'함덕해수욕장'}),frozenset({'CLUSTER_6'}),0.001328462304882099,0.03524229074889868
frozenset({'CLUSTER_6'}),frozenset({'함덕해수욕장'}),0.001328462304882099,0.03333333333333334
frozenset({'CLUSTER_9'}),frozenset({'함덕해수욕장'}),0.0029890401859847225,0.0392156862745098
frozenset({'함덕해수욕장'}),frozenset({'CLUSTER_9'}),0.0029890401859847225,0.07929515418502203
frozenset({'함덕해수욕장'}),frozenset({'CLUSTER_11'}),0.0024908668216539354,0.06607929515418502
frozenset({'CLUSTER_11'}),frozenset({'함덕해수욕장'}),0.0024908668216539354,0.03232758620689655
frozenset({'함덕해수욕장'}),frozenset({'CLUSTER_10'}),0.001328462304882099,0.03524229074889868
frozenset({'CLUSTER_1'}),frozenset({'함덕해수욕장'}),0.0016605778811026237,0.03257328990228013
frozenset({'함덕해수욕장'}),frozenset({'CLUSTER_1'}),0.0016605778811026237,0.04405286343612335
frozenset({'함덕해수욕장'}),frozenset({'CLUSTER_5'}),0.0036532713384257723,0.09691629955947137
frozenset({'CLUSTER_5'}),frozenset({'함덕해수욕장'}),0.0036532713384257723,0.0502283105022831
frozenset({'곽지해수욕장'}),frozenset({'CLUSTER_9'}),0.0011624045167718366,0.0707070707070707
frozenset({'곽지해수욕장'}),frozenset({'CLUSTER_7'}),0.0008302889405513118,0.050505050505050504
frozenset({'곽지해수욕장'}),frozenset({'CLUSTER_8'}),0.0004981733643307871,0.0303030303030303
frozenset({'곽지해수욕장'}),frozenset({'CLUSTER_11'}),0.0018266356692128861,0.1111111111111111
frozenset({'곽지해수욕장'}),frozenset({'CLUSTER_5'}),0.0008302889405513118,0.050505050505050504
frozenset({'곽지해수욕장'}),frozenset({'CLUSTER_6'}),0.0011624045167718366,0.0707070707070707
frozenset({'곽지해수욕장'}),frozenset({'CLUSTER_15'}),0.0004981733643307871,0.0303030303030303
frozenset({'곽지해수욕장'}),frozenset({'CLUSTER_4'}),0.0011624045167718366,0.0707070707070707
frozenset({'곽지해수욕장'}),frozenset({'CLUSTER_3'}),0.0011624045167718366,0.0707070707070707
frozenset({'곽지해수욕장'}),frozenset({'CLUSTER_2'}),0.0006642311524410495,0.04040404040404041
frozenset({'곽지해수욕장'}),frozenset({'CLUSTER_1'}),0.0009963467286615742,0.0606060606060606
frozenset({'CLUSTER_10'}),frozenset({'곽지해수욕장'}),0.0018266356692128861,0.03353658536585366
frozenset({'곽지해수욕장'}),frozenset({'CLUSTER_10'}),0.0018266356692128861,0.1111111111111111
frozenset({'곽지해수욕장'}),frozenset({'CLUSTER_17'}),0.0004981733643307871,0.0303030303030303
frozenset({'CLUSTER_9'}),frozenset({'금오름'}),0.002324809033543673,0.030501089324618737
frozenset({'금오름'}),frozenset({'CLUSTER_9'}),0.002324809033543673,0.12844036697247707
frozenset({'금오름'}),frozenset({'CLUSTER_4'}),0.0008302889405513118,0.045871559633027525
frozenset({'금오름'}),frozenset({'CLUSTER_5'}),0.0016605778811026237,0.09174311926605505
frozenset({'CLUSTER_8'}),frozenset({'금오름'}),0.0011624045167718366,0.034999999999999996
frozenset({'금오름'}),frozenset({'CLUSTER_8'}),0.0011624045167718366,0.06422018348623854
frozenset({'금오름'}),frozenset({'CLUSTER_7'}),0.0009963467286615742,0.05504587155963303
frozenset({'금오름'}),frozenset({'CLUSTER_3'}),0.002656924609764198,0.14678899082568808
frozenset({'금오름'}),frozenset({'CLUSTER_10'}),0.001328462304882099,0.07339449541284404
frozenset({'금오름'}),frozenset({'CLUSTER_11'}),0.0016605778811026237,0.09174311926605505
frozenset({'금오름'}),frozenset({'CLUSTER_6'}),0.0014945200929923613,0.08256880733944955
frozenset({'CLUSTER_6'}),frozenset({'금오름'}),0.0014945200929923613,0.0375
frozenset({'금오름'}),frozenset({'CLUSTER_2'}),0.0011624045167718366,0.06422018348623854
frozenset({'금오름'}),frozenset({'CLUSTER_0'}),0.0006642311524410495,0.03669724770642202
frozenset({'판포 포구'}),frozenset({'CLUSTER_9'}),0.0016605778811026237,0.1020408163265306
frozenset({'판포 포구'}),frozenset({'CLUSTER_4'}),0.0009963467286615742,0.06122448979591836
frozenset({'판포 포구'}),frozenset({'CLUSTER_8'}),0.0006642311524410495,0.04081632653061224
frozenset({'CLUSTER_2'}),frozenset({'판포 포구'}),0.0019926934573231483,0.03870967741935484
frozenset({'판포 포구'}),frozenset({'CLUSTER_2'}),0.0019926934573231483,0.12244897959183672
frozenset({'판포 포구'}),frozenset({'CLUSTER_0'}),0.0011624045167718366,0.07142857142857142
frozenset({'판포 포구'}),frozenset({'CLUSTER_3'}),0.0016605778811026237,0.1020408163265306
frozenset({'판포 포구'}),frozenset({'CLUSTER_6'}),0.0008302889405513118,0.0510204081632653
frozenset({'판포 포구'}),frozenset({'CLUSTER_1'}),0.0006642311524410495,0.04081632653061224
frozenset({'판포 포구'}),frozenset({'CLUSTER_7'}),0.001328462304882099,0.08163265306122448
frozenset({'판포 포구'}),frozenset({'CLUSTER_16'}),0.0006642311524410495,0.04081632653061224
frozenset({'판포 포구'}),frozenset({'CLUSTER_5'}),0.0016605778811026237,0.1020408163265306
frozenset({'판포 포구'}),frozenset({'CLUSTER_11'}),0.0009963467286615742,0.06122448979591836
frozenset({'제주동문재래 야시장'}),frozenset({'CLUSTER_9'}),0.0006642311524410495,0.07407407407407408
frozenset({'제주동문재래 야시장'}),frozenset({'CLUSTER_4'}),0.0008302889405513118,0.0925925925925926
frozenset({'제주동문재래 야시장'}),frozenset({'CLUSTER_22'}),0.00033211557622052476,0.03703703703703704
frozenset({'제주동문재래 야시장'}),frozenset({'CLUSTER_11'}),0.0008302889405513118,0.0925925925925926
frozenset({'제주동문재래 야시장'}),frozenset({'CLUSTER_5'}),0.0011624045167718366,0.12962962962962965
frozenset({'제주동문재래 야시장'}),frozenset({'CLUSTER_2'}),0.0008302889405513118,0.0925925925925926
frozenset({'제주동문재래 야시장'}),frozenset({'CLUSTER_15'}),0.0004981733643307871,0.05555555555555555
frozenset({'제주동문재래 야시장'}),frozenset({'CLUSTER_7'}),0.0006642311524410495,0.07407407407407408
frozenset({'제주동문재래 야시장'}),frozenset({'CLUSTER_3'}),0.0011624045167718366,0.12962962962962965
frozenset({'제주동문재래 야시장'}),frozenset({'CLUSTER_6'}),0.0009963467286615742,0.1111111111111111
frozenset({'금능해수욕장'}),frozenset({'CLUSTER_3'}),0.0009963467286615742,0.061855670103092786
frozenset({'금능해수욕장'}),frozenset({'CLUSTER_7'}),0.0016605778811026237,0.10309278350515465
frozenset({'금능해수욕장'}),frozenset({'CLUSTER_17'}),0.0006642311524410495,0.04123711340206186
frozenset({'금능해수욕장'}),frozenset({'CLUSTER_5'}),0.0011624045167718366,0.07216494845360825
frozenset({'CLUSTER_9'}),frozenset({'금능해수욕장'}),0.002324809033543673,0.030501089324618737
frozenset({'금능해수욕장'}),frozenset({'CLUSTER_9'}),0.002324809033543673,0.1443298969072165
frozenset({'금능해수욕장'}),frozenset({'CLUSTER_11'}),0.001328462304882099,0.08247422680412372
frozenset({'금능해수욕장'}),frozenset({'CLUSTER_2'}),0.0006642311524410495,0.04123711340206186
frozenset({'금능해수욕장'}),frozenset({'CLUSTER_6'}),0.0006642311524410495,0.04123711340206186
frozenset({'금능해수욕장'}),frozenset({'CLUSTER_16'}),0.0006642311524410495,0.04123711340206186
frozenset({'금능해수욕장'}),frozenset({'CLUSTER_8'}),0.0008302889405513118,0.051546391752577324
frozenset({'금능해수욕장'}),frozenset({'CLUSTER_15'}),0.0008302889405513118,0.051546391752577324
frozenset({'CLUSTER_15'}),frozenset({'금능해수욕장'}),0.0008302889405513118,0.03424657534246575
frozenset({'우도'}),frozenset({'CLUSTER_4'}),0.0006642311524410495,0.05797101449275363
frozenset({'우도'}),frozenset({'CLUSTER_7'}),0.0009963467286615742,0.08695652173913043
frozenset({'우도'}),frozenset({'CLUSTER_17'}),0.0004981733643307871,0.043478260869565216
frozenset({'우도'}),frozenset({'CLUSTER_11'}),0.0006642311524410495,0.05797101449275363
frozenset({'우도'}),frozenset({'CLUSTER_2'}),0.0008302889405513118,0.07246376811594203
frozenset({'우도'}),frozenset({'CLUSTER_3'}),0.001328462304882099,0.11594202898550726
frozenset({'우도'}),frozenset({'CLUSTER_5'}),0.0006642311524410495,0.05797101449275363
frozenset({'우도'}),frozenset({'CLUSTER_10'}),0.0008302889405513118,0.07246376811594203
frozenset({'우도'}),frozenset({'CLUSTER_6'}),0.0009963467286615742,0.08695652173913043
frozenset({'우도'}),frozenset({'CLUSTER_1'}),0.0004981733643307871,0.043478260869565216
frozenset({'우도'}),frozenset({'CLUSTER_16'}),0.0004981733643307871,0.043478260869565216
frozenset({'우도'}),frozenset({'CLUSTER_9'}),0.0006642311524410495,0.05797101449275363
frozenset({'아르떼 뮤지엄 제주'}),frozenset({'CLUSTER_5'}),0.001328462304882099,0.09876543209876544
frozenset({'아르떼 뮤지엄 제주'}),frozenset({'CLUSTER_17'}),0.0004981733643307871,0.037037037037037035
frozenset({'아르떼 뮤지엄 제주'}),frozenset({'CLUSTER_1'}),0.0009963467286615742,0.07407407407407407
frozenset({'아르떼 뮤지엄 제주'}),frozenset({'CLUSTER_3'}),0.0009963467286615742,0.07407407407407407
frozenset({'아르떼 뮤지엄 제주'}),frozenset({'CLUSTER_11'}),0.0006642311524410495,0.04938271604938272
frozenset({'아르떼 뮤지엄 제주'}),frozenset({'CLUSTER_7'}),0.0009963467286615742,0.07407407407407407
frozenset({'아르떼 뮤지엄 제주'}),frozenset({'CLUSTER_10'}),0.0011624045167718366,0.08641975308641976
frozenset({'아르떼 뮤지엄 제주'}),frozenset({'CLUSTER_16'}),0.0004981733643307871,0.037037037037037035
frozenset({'아르떼 뮤지엄 제주'}),frozenset({'CLUSTER_6'}),0.001328462304882099,0.09876543209876544
frozenset({'CLUSTER_6'}),frozenset({'아르떼 뮤지엄 제주'}),0.001328462304882099,0.03333333333333334
frozenset({'아르떼 뮤지엄 제주'}),frozenset({'CLUSTER_9'}),0.001328462304882099,0.09876543209876544
frozenset({'아르떼 뮤지엄 제주'}),frozenset({'CLUSTER_4'}),0.0006642311524410495,0.04938271604938272
frozenset({'아르떼 뮤지엄 제주'}),frozenset({'CLUSTER_23'}),0.0004981733643307871,0.037037037037037035
frozenset({'천지연폭포'}),frozenset({'CLUSTER_9'}),0.0009963467286615742,0.06521739130434782
frozenset({'천지연폭포'}),frozenset({'CLUSTER_5'}),0.0011624045167718366,0.07608695652173914
frozenset({'천지연폭포'}),frozenset({'CLUSTER_2'}),0.0004981733643307871,0.03260869565217391
frozenset({'천지연폭포'}),frozenset({'CLUSTER_12'}),0.0004981733643307871,0.03260869565217391
frozenset({'천지연폭포'}),frozenset({'CLUSTER_3'}),0.0018266356692128861,0.11956521739130435
frozenset({'천지연폭포'}),frozenset({'CLUSTER_4'}),0.0008302889405513118,0.05434782608695652
frozenset({'천지연폭포'}),frozenset({'CLUSTER_11'}),0.0014945200929923613,0.09782608695652173
frozenset({'천지연폭포'}),frozenset({'CLUSTER_6'}),0.0011624045167718366,0.07608695652173914
frozenset({'천지연폭포'}),frozenset({'CLUSTER_7'}),0.0009963467286615742,0.06521739130434782
frozenset({'천지연폭포'}),frozenset({'CLUSTER_1'}),0.0011624045167718366,0.07608695652173914
frozenset({'천지연폭포'}),frozenset({'CLUSTER_17'}),0.0006642311524410495,0.04347826086956522
frozenset({'중문색달해수욕장'}),frozenset({'CLUSTER_7'}),0.0008302889405513118,0.0909090909090909
frozenset({'중문색달해수욕장'}),frozenset({'CLUSTER_5'}),0.0011624045167718366,0.12727272727272726
frozenset({'중문색달해수욕장'}),frozenset({'CLUSTER_10'}),0.0011624045167718366,0.12727272727272726
frozenset({'중문색달해수욕장'}),frozenset({'CLUSTER_8'}),0.0004981733643307871,0.054545454545454536
frozenset({'중문색달해수욕장'}),frozenset({'CLUSTER_4'}),0.0004981733643307871,0.054545454545454536
frozenset({'중문색달해수욕장'}),frozenset({'CLUSTER_11'}),0.0004981733643307871,0.054545454545454536
frozenset({'중문색달해수욕장'}),frozenset({'CLUSTER_1'}),0.0009963467286615742,0.10909090909090907
frozenset({'중문색달해수욕장'}),frozenset({'CLUSTER_0'}),0.00033211557622052476,0.03636363636363636
frozenset({'중문색달해수욕장'}),frozenset({'CLUSTER_9'}),0.0004981733643307871,0.054545454545454536
frozenset({'중문색달해수욕장'}),frozenset({'CLUSTER_14'}),0.0004981733643307871,0.054545454545454536
frozenset({'중문색달해수욕장'}),frozenset({'CLUSTER_3'}),0.00033211557622052476,0.03636363636363636
frozenset({'중문색달해수욕장'}),frozenset({'CLUSTER_17'}),0.00033211557622052476,0.03636363636363636
frozenset({'협재해수욕장'}),frozenset({'CLUSTER_7'}),0.0019926934573231483,0.06382978723404255
frozenset({'CLUSTER_7'}),frozenset({'협재해수욕장'}),0.0019926934573231483,0.03149606299212598
frozenset({'CLUSTER_10'}),frozenset({'협재해수욕장'}),0.0024908668216539354,0.04573170731707317
frozenset({'협재해수욕장'}),frozenset({'CLUSTER_10'}),0.0024908668216539354,0.07978723404255318
frozenset({'CLUSTER_8'}),frozenset({'협재해수욕장'}),0.001328462304882099,0.04
frozenset({'협재해수욕장'}),frozenset({'CLUSTER_8'}),0.001328462304882099,0.0425531914893617
frozenset({'협재해수욕장'}),frozenset({'CLUSTER_5'}),0.0018266356692128861,0.05851063829787234
frozenset({'CLUSTER_9'}),frozenset({'협재해수욕장'}),0.0028229823978744603,0.037037037037037035
frozenset({'협재해수욕장'}),frozenset({'CLUSTER_9'}),0.0028229823978744603,0.09042553191489361
frozenset({'협재해수욕장'}),frozenset({'CLUSTER_3'}),0.004815675855197609,0.15425531914893617
frozenset({'CLUSTER_3'}),frozenset({'협재해수욕장'}),0.004815675855197609,0.039780521262002745
frozenset({'협재해수욕장'}),frozenset({'CLUSTER_6'}),0.001328462304882099,0.0425531914893617
frozenset({'CLUSTER_6'}),frozenset({'협재해수욕장'}),0.001328462304882099,0.03333333333333334
frozenset({'협재해수욕장'}),frozenset({'CLUSTER_1'}),0.001328462304882099,0.0425531914893617
frozenset({'협재해수욕장'}),frozenset({'CLUSTER_11'}),0.0018266356692128861,0.05851063829787234
frozenset({'협재해수욕장'}),frozenset({'CLUSTER_4'}),0.002158751245433411,0.06914893617021277
frozenset({'협재해수욕장'}),frozenset({'CLUSTER_2'}),0.0011624045167718366,0.03723404255319149
frozenset({'협재해수욕장'}),frozenset({'CLUSTER_17'}),0.0009963467286615742,0.031914893617021274
frozenset({'이호 테우해수욕장'}),frozenset({'CLUSTER_7'}),0.001328462304882099,0.07272727272727272
frozenset({'이호 테우해수욕장'}),frozenset({'CLUSTER_8'}),0.0011624045167718366,0.06363636363636363
frozenset({'CLUSTER_8'}),frozenset({'이호 테우해수욕장'}),0.0011624045167718366,0.034999999999999996
frozenset({'이호 테우해수욕장'}),frozenset({'CLUSTER_3'}),0.0016605778811026237,0.0909090909090909
frozenset({'이호 테우해수욕장'}),frozenset({'CLUSTER_4'}),0.002158751245433411,0.11818181818181818
frozenset({'이호 테우해수욕장'}),frozenset({'CLUSTER_2'}),0.0014945200929923613,0.0818181818181818
frozenset({'이호 테우해수욕장'}),frozenset({'CLUSTER_0'}),0.0008302889405513118,0.04545454545454545
frozenset({'이호 테우해수욕장'}),frozenset({'CLUSTER_5'}),0.0006642311524410495,0.03636363636363636
frozenset({'이호 테우해수욕장'}),frozenset({'CLUSTER_11'}),0.0019926934573231483,0.10909090909090907
frozenset({'이호 테우해수욕장'}),frozenset({'CLUSTER_1'}),0.0009963467286615742,0.054545454545454536
frozenset({'이호 테우해수욕장'}),frozenset({'CLUSTER_10'}),0.0009963467286615742,0.054545454545454536
frozenset({'이호 테우해수욕장'}),frozenset({'CLUSTER_9'}),0.001328462304882099,0.07272727272727272
frozenset({'이호 테우해수욕장'}),frozenset({'CLUSTER_17'}),0.0006642311524410495,0.03636363636363636
frozenset({'서귀포 매일 올레시장'}),frozenset({'CLUSTER_7'}),0.0034872135503155096,0.07581227436823104
frozenset({'CLUSTER_7'}),frozenset({'서귀포 매일 올레시장'}),0.0034872135503155096,0.055118110236220465
frozenset({'서귀포 매일 올레시장'}),frozenset({'CLUSTER_5'}),0.003155097974094985,0.06859205776173286
frozenset({'CLUSTER_5'}),frozenset({'서귀포 매일 올레시장'}),0.003155097974094985,0.04337899543378995
frozenset({'서귀포 매일 올레시장'}),frozenset({'CLUSTER_9'}),0.0036532713384257723,0.07942238267148015
frozenset({'CLUSTER_9'}),frozenset({'서귀포 매일 올레시장'}),0.0036532713384257723,0.04793028322440087
frozenset({'서귀포 매일 올레시장'}),frozenset({'CLUSTER_3'}),0.004815675855197609,0.10469314079422384
frozenset({'CLUSTER_3'}),frozenset({'서귀포 매일 올레시장'}),0.004815675855197609,0.039780521262002745
frozenset({'서귀포 매일 올레시장'}),frozenset({'CLUSTER_4'}),0.002656924609764198,0.05776173285198557
frozenset({'CLUSTER_4'}),frozenset({'서귀포 매일 올레시장'}),0.002656924609764198,0.0316205533596838
frozenset({'CLUSTER_10'}),frozenset({'서귀포 매일 올레시장'}),0.0024908668216539354,0.04573170731707317
frozenset({'서귀포 매일 올레시장'}),frozenset({'CLUSTER_10'}),0.0024908668216539354,0.05415162454873646
frozenset({'서귀포 매일 올레시장'}),frozenset({'CLUSTER_11'}),0.0033211557622052474,0.07220216606498195
frozenset({'CLUSTER_11'}),frozenset({'서귀포 매일 올레시장'}),0.0033211557622052474,0.043103448275862065
frozenset({'CLUSTER_1'}),frozenset({'서귀포 매일 올레시장'}),0.002324809033543673,0.04560260586319218
frozenset({'서귀포 매일 올레시장'}),frozenset({'CLUSTER_1'}),0.002324809033543673,0.05054151624548737
frozenset({'서귀포 매일 올레시장'}),frozenset({'CLUSTER_2'}),0.0019926934573231483,0.04332129963898917
frozenset({'CLUSTER_2'}),frozenset({'서귀포 매일 올레시장'}),0.0019926934573231483,0.03870967741935484
frozenset({'혼인지'}),frozenset({'CLUSTER_7'}),0.00033211557622052476,0.038461538461538464
frozenset({'혼인지'}),frozenset({'CLUSTER_9'}),0.0006642311524410495,0.07692307692307693
frozenset({'혼인지'}),frozenset({'CLUSTER_21'}),0.0008302889405513118,0.09615384615384615
frozenset({'CLUSTER_21'}),frozenset({'혼인지'}),0.0008302889405513118,0.05376344086021505
frozenset({'혼인지'}),frozenset({'CLUSTER_14'}),0.0004981733643307871,0.05769230769230768
frozenset({'혼인지'}),frozenset({'CLUSTER_11'}),0.0004981733643307871,0.05769230769230768
frozenset({'혼인지'}),frozenset({'CLUSTER_4'}),0.0004981733643307871,0.05769230769230768
frozenset({'혼인지'}),frozenset({'CLUSTER_18'}),0.00033211557622052476,0.038461538461538464
frozenset({'혼인지'}),frozenset({'CLUSTER_3'}),0.00033211557622052476,0.038461538461538464
frozenset({'혼인지'}),frozenset({'CLUSTER_0'}),0.00033211557622052476,0.038461538461538464
frozenset({'혼인지'}),frozenset({'CLUSTER_8'}),0.00033211557622052476,0.038461538461538464
frozenset({'혼인지'}),frozenset({'CLUSTER_16'}),0.0004981733643307871,0.05769230769230768
frozenset({'혼인지'}),frozenset({'CLUSTER_13'}),0.00033211557622052476,0.038461538461538464
frozenset({'혼인지'}),frozenset({'CLUSTER_17'}),0.0009963467286615742,0.11538461538461536
frozenset({'혼인지'}),frozenset({'CLUSTER_22'}),0.0004981733643307871,0.05769230769230768
frozenset({'CLUSTER_22'}),frozenset({'혼인지'}),0.0004981733643307871,0.03529411764705882
frozenset({'혼인지'}),frozenset({'CLUSTER_15'}),0.00033211557622052476,0.038461538461538464
frozenset({'혼인지'}),frozenset({'CLUSTER_12'}),0.0004981733643307871,0.05769230769230768
frozenset({'혼인지'}),frozenset({'CLUSTER_23'}),0.00033211557622052476,0.038461538461538464
frozenset({'성산일출봉'}),frozenset({'CLUSTER_7'}),0.0018266356692128861,0.07142857142857142
frozenset({'성산일출봉'}),frozenset({'CLUSTER_3'}),0.0024908668216539354,0.0974025974025974
frozenset({'성산일출봉'}),frozenset({'CLUSTER_16'}),0.0008302889405513118,0.032467532467532464
frozenset({'CLUSTER_16'}),frozenset({'성산일출봉'}),0.0008302889405513118,0.03225806451612903
frozenset({'CLUSTER_1'}),frozenset({'성산일출봉'}),0.0016605778811026237,0.03257328990228013
frozenset({'성산일출봉'}),frozenset({'CLUSTER_1'}),0.0016605778811026237,0.06493506493506493
frozenset({'CLUSTER_9'}),frozenset({'성산일출봉'}),0.0028229823978744603,0.037037037037037035
frozenset({'성산일출봉'}),frozenset({'CLUSTER_9'}),0.0028229823978744603,0.11038961038961038
frozenset({'성산일출봉'}),frozenset({'CLUSTER_11'}),0.0018266356692128861,0.07142857142857142
frozenset({'성산일출봉'}),frozenset({'CLUSTER_4'}),0.0018266356692128861,0.07142857142857142
frozenset({'성산일출봉'}),frozenset({'CLUSTER_10'}),0.0008302889405513118,0.032467532467532464
frozenset({'성산일출봉'}),frozenset({'CLUSTER_6'}),0.0009963467286615742,0.03896103896103896
frozenset({'성산일출봉'}),frozenset({'CLUSTER_5'}),0.0016605778811026237,0.06493506493506493
frozenset({'김녕해수욕장'}),frozenset({'CLUSTER_5'}),0.0018266356692128861,0.10476190476190476
frozenset({'김녕해수욕장'}),frozenset({'CLUSTER_8'}),0.0006642311524410495,0.0380952380952381
frozenset({'김녕해수욕장'}),frozenset({'CLUSTER_3'}),0.0019926934573231483,0.11428571428571427
frozenset({'김녕해수욕장'}),frozenset({'CLUSTER_1'}),0.0006642311524410495,0.0380952380952381
frozenset({'김녕해수욕장'}),frozenset({'CLUSTER_9'}),0.0016605778811026237,0.09523809523809523
frozenset({'김녕해수욕장'}),frozenset({'CLUSTER_4'}),0.0014945200929923613,0.0857142857142857
frozenset({'김녕해수욕장'}),frozenset({'CLUSTER_2'}),0.0008302889405513118,0.047619047619047616
frozenset({'김녕해수욕장'}),frozenset({'CLUSTER_11'}),0.001328462304882099,0.0761904761904762
frozenset({'CLUSTER_0'}),frozenset({'김녕해수욕장'}),0.001328462304882099,0.03125
frozenset({'김녕해수욕장'}),frozenset({'CLUSTER_0'}),0.001328462304882099,0.0761904761904762
frozenset({'김녕해수욕장'}),frozenset({'CLUSTER_6'}),0.0008302889405513118,0.047619047619047616
frozenset({'김녕해수욕장'}),frozenset({'CLUSTER_17'}),0.0008302889405513118,0.047619047619047616
frozenset({'제주동문시장'}),frozenset({'CLUSTER_7'}),0.0028229823978744603,0.05723905723905724
frozenset({'CLUSTER_7'}),frozenset({'제주동문시장'}),0.0028229823978744603,0.04461942257217848
frozenset({'제주동문시장'}),frozenset({'CLUSTER_4'}),0.005978080371969445,0.1212121212121212
frozenset({'CLUSTER_4'}),frozenset({'제주동문시장'}),0.005978080371969445,0.07114624505928854
frozenset({'CLUSTER_2'}),frozenset({'제주동문시장'}),0.003155097974094985,0.061290322580645165
frozenset({'제주동문시장'}),frozenset({'CLUSTER_2'}),0.003155097974094985,0.06397306397306397
frozenset({'제주동문시장'}),frozenset({'CLUSTER_3'}),0.008136831617402857,0.164983164983165
frozenset({'CLUSTER_3'}),frozenset({'제주동문시장'}),0.008136831617402857,0.06721536351165981
frozenset({'제주동문시장'}),frozenset({'CLUSTER_5'}),0.003985386914646297,0.0808080808080808
frozenset({'CLUSTER_5'}),frozenset({'제주동문시장'}),0.003985386914646297,0.054794520547945195
frozenset({'제주동문시장'}),frozenset({'CLUSTER_11'}),0.0038193291265360345,0.07744107744107744
frozenset({'CLUSTER_11'}),frozenset({'제주동문시장'}),0.0038193291265360345,0.049568965517241374
frozenset({'CLUSTER_9'}),frozenset({'제주동문시장'}),0.004483560278977084,0.058823529411764705
frozenset({'제주동문시장'}),frozenset({'CLUSTER_9'}),0.004483560278977084,0.09090909090909091
frozenset({'CLUSTER_10'}),frozenset({'제주동문시장'}),0.0024908668216539354,0.04573170731707317
frozenset({'제주동문시장'}),frozenset({'CLUSTER_10'}),0.0024908668216539354,0.050505050505050504
frozenset({'CLUSTER_1'}),frozenset({'제주동문시장'}),0.0028229823978744603,0.05537459283387622
frozenset({'제주동문시장'}),frozenset({'CLUSTER_1'}),0.0028229823978744603,0.05723905723905724
frozenset({'제주동문재래시장'}),frozenset({'CLUSTER_17'}),0.0009963467286615742,0.0923076923076923
frozenset({'제주동문재래시장'}),frozenset({'CLUSTER_21'}),0.00033211557622052476,0.03076923076923077
frozenset({'제주동문재래시장'}),frozenset({'CLUSTER_7'}),0.0008302889405513118,0.07692307692307693
frozenset({'제주동문재래시장'}),frozenset({'CLUSTER_9'}),0.0008302889405513118,0.07692307692307693
frozenset({'제주동문재래시장'}),frozenset({'CLUSTER_3'}),0.0008302889405513118,0.07692307692307693
frozenset({'제주동문재래시장'}),frozenset({'CLUSTER_16'}),0.00033211557622052476,0.03076923076923077
frozenset({'제주동문재래시장'}),frozenset({'CLUSTER_5'}),0.0004981733643307871,0.04615384615384615
frozenset({'제주동문재래시장'}),frozenset({'CLUSTER_14'}),0.0004981733643307871,0.04615384615384615
frozenset({'제주동문재래시장'}),frozenset({'CLUSTER_1'}),0.00033211557622052476,0.03076923076923077
frozenset({'제주동문재래시장'}),frozenset({'CLUSTER_15'}),0.00033211557622052476,0.03076923076923077
frozenset({'제주동문재래시장'}),frozenset({'CLUSTER_12'}),0.00033211557622052476,0.03076923076923077
frozenset({'제주동문재래시장'}),frozenset({'CLUSTER_10'}),0.0008302889405513118,0.07692307692307693
frozenset({'제주동문재래시장'}),frozenset({'CLUSTER_6'}),0.0004981733643307871,0.04615384615384615
frozenset({'제주동문재래시장'}),frozenset({'CLUSTER_18'}),0.0004981733643307871,0.04615384615384615
frozenset({'CLUSTER_18'}),frozenset({'제주동문재래시장'}),0.0004981733643307871,0.04225352112676056
frozenset({'제주동문재래시장'}),frozenset({'CLUSTER_22'}),0.00033211557622052476,0.03076923076923077
frozenset({'제주동문재래시장'}),frozenset({'CLUSTER_4'}),0.0006642311524410495,0.06153846153846154
frozenset({'제주동문재래시장'}),frozenset({'CLUSTER_11'}),0.0004981733643307871,0.04615384615384615
frozenset({'제주동문재래시장'}),frozenset({'CLUSTER_0'}),0.0004981733643307871,0.04615384615384615
frozenset({'오설록 티 뮤지엄'}),frozenset({'CLUSTER_7'}),0.002158751245433411,0.11926605504587158
frozenset({'CLUSTER_7'}),frozenset({'오설록 티 뮤지엄'}),0.002158751245433411,0.03412073490813648
frozenset({'오설록 티 뮤지엄'}),frozenset({'CLUSTER_5'}),0.0011624045167718366,0.06422018348623854
frozenset({'오설록 티 뮤지엄'}),frozenset({'CLUSTER_3'}),0.0019926934573231483,0.11009174311926606
frozenset({'오설록 티 뮤지엄'}),frozenset({'CLUSTER_2'}),0.0009963467286615742,0.05504587155963303
frozenset({'오설록 티 뮤지엄'}),frozenset({'CLUSTER_9'}),0.0019926934573231483,0.11009174311926606
frozenset({'오설록 티 뮤지엄'}),frozenset({'CLUSTER_1'}),0.0006642311524410495,0.03669724770642202
frozenset({'오설록 티 뮤지엄'}),frozenset({'CLUSTER_16'}),0.0006642311524410495,0.03669724770642202
frozenset({'오설록 티 뮤지엄'}),frozenset({'CLUSTER_11'}),0.0014945200929923613,0.08256880733944955
frozenset({'오설록 티 뮤지엄'}),frozenset({'CLUSTER_4'}),0.0016605778811026237,0.09174311926605505
frozenset({'사계해변'}),frozenset({'CLUSTER_5'}),0.0008302889405513118,0.0684931506849315
frozenset({'사계해변'}),frozenset({'CLUSTER_9'}),0.001328462304882099,0.10958904109589042
frozenset({'사계해변'}),frozenset({'CLUSTER_11'}),0.0009963467286615742,0.0821917808219178
frozenset({'사계해변'}),frozenset({'CLUSTER_1'}),0.0011624045167718366,0.0958904109589041
frozenset({'사계해변'}),frozenset({'CLUSTER_6'}),0.0009963467286615742,0.0821917808219178
frozenset({'사계해변'}),frozenset({'CLUSTER_3'}),0.0016605778811026237,0.136986301369863
frozenset({'사계해변'}),frozenset({'CLUSTER_7'}),0.001328462304882099,0.10958904109589042
frozenset({'사계해변'}),frozenset({'CLUSTER_0'}),0.0006642311524410495,0.05479452054794521
frozenset({'사계해변'}),frozenset({'CLUSTER_2'}),0.0008302889405513118,0.0684931506849315
frozenset({'비자림'}),frozenset({'CLUSTER_3'}),0.00033211557622052476,0.03278688524590164
frozenset({'비자림'}),frozenset({'CLUSTER_7'}),0.0008302889405513118,0.08196721311475409
frozenset({'비자림'}),frozenset({'CLUSTER_9'}),0.0014945200929923613,0.14754098360655735
frozenset({'비자림'}),frozenset({'CLUSTER_16'}),0.00033211557622052476,0.03278688524590164
frozenset({'비자림'}),frozenset({'CLUSTER_5'}),0.0004981733643307871,0.04918032786885245
frozenset({'비자림'}),frozenset({'CLUSTER_23'}),0.0004981733643307871,0.04918032786885245
frozenset({'비자림'}),frozenset({'CLUSTER_8'}),0.0006642311524410495,0.06557377049180328
frozenset({'비자림'}),frozenset({'CLUSTER_10'}),0.0004981733643307871,0.04918032786885245
frozenset({'비자림'}),frozenset({'CLUSTER_4'}),0.0009963467286615742,0.0983606557377049
frozenset({'비자림'}),frozenset({'CLUSTER_18'}),0.00033211557622052476,0.03278688524590164
frozenset({'비자림'}),frozenset({'CLUSTER_14'}),0.00033211557622052476,0.03278688524590164
frozenset({'CLUSTER_22'}),frozenset({'비자림'}),0.0004981733643307871,0.03529411764705882
frozenset({'비자림'}),frozenset({'CLUSTER_22'}),0.0004981733643307871,0.04918032786885245
frozenset({'비자림'}),frozenset({'CLUSTER_1'}),0.0004981733643307871,0.04918032786885245
frozenset({'비자림'}),frozenset({'CLUSTER_17'}),0.0006642311524410495,0.06557377049180328
frozenset({'카멜리아힐'}),frozenset({'CLUSTER_7'}),0.0006642311524410495,0.07547169811320754
frozenset({'카멜리아힐'}),frozenset({'CLUSTER_11'}),0.0014945200929923613,0.16981132075471697
frozenset({'카멜리아힐'}),frozenset({'CLUSTER_9'}),0.0008302889405513118,0.09433962264150943
frozenset({'카멜리아힐'}),frozenset({'CLUSTER_1'}),0.0006642311524410495,0.07547169811320754
frozenset({'카멜리아힐'}),frozenset({'CLUSTER_17'}),0.00033211557622052476,0.03773584905660377
frozenset({'카멜리아힐'}),frozenset({'CLUSTER_8'}),0.00033211557622052476,0.03773584905660377
frozenset({'카멜리아힐'}),frozenset({'CLUSTER_10'}),0.0009963467286615742,0.11320754716981131
frozenset({'카멜리아힐'}),frozenset({'CLUSTER_19'}),0.0008302889405513118,0.09433962264150943
frozenset({'CLUSTER_19'}),frozenset({'카멜리아힐'}),0.0008302889405513118,0.07142857142857142
frozenset({'카멜리아힐'}),frozenset({'CLUSTER_16'}),0.00033211557622052476,0.03773584905660377
frozenset({'카멜리아힐'}),frozenset({'CLUSTER_21'}),0.0004981733643307871,0.056603773584905655
frozenset({'CLUSTER_21'}),frozenset({'카멜리아힐'}),0.0004981733643307871,0.03225806451612903
frozenset({'섭지코지'}),frozenset({'CLUSTER_3'}),0.0018266356692128861,0.125
frozenset({'섭지코지'}),frozenset({'CLUSTER_9'}),0.0011624045167718366,0.07954545454545454
frozenset({'섭지코지'}),frozenset({'CLUSTER_6'}),0.0006642311524410495,0.045454545454545456
frozenset({'섭지코지'}),frozenset({'CLUSTER_11'}),0.0011624045167718366,0.07954545454545454
frozenset({'섭지코지'}),frozenset({'CLUSTER_1'}),0.0008302889405513118,0.056818181818181816
frozenset({'섭지코지'}),frozenset({'CLUSTER_7'}),0.0011624045167718366,0.07954545454545454
frozenset({'섭지코지'}),frozenset({'CLUSTER_14'}),0.0004981733643307871,0.03409090909090909
frozenset({'섭지코지'}),frozenset({'CLUSTER_8'}),0.0006642311524410495,0.045454545454545456
frozenset({'섭지코지'}),frozenset({'CLUSTER_5'}),0.0009963467286615742,0.06818181818181818
frozenset({'섭지코지'}),frozenset({'CLUSTER_0'}),0.0006642311524410495,0.045454545454545456
frozenset({'CLUSTER_12'}),frozenset({'섭지코지'}),0.0008302889405513118,0.04065040650406504
frozenset({'섭지코지'}),frozenset({'CLUSTER_12'}),0.0008302889405513118,0.056818181818181816
frozenset({'섭지코지'}),frozenset({'CLUSTER_4'}),0.0011624045167718366,0.07954545454545454
frozenset({'아쿠아 플라넷 제주'}),frozenset({'CLUSTER_9'}),0.0004981733643307871,0.05555555555555555
frozenset({'아쿠아 플라넷 제주'}),frozenset({'CLUSTER_12'}),0.0004981733643307871,0.05555555555555555
frozenset({'아쿠아 플라넷 제주'}),frozenset({'CLUSTER_17'}),0.0006642311524410495,0.07407407407407408
frozenset({'아쿠아 플라넷 제주'}),frozenset({'CLUSTER_6'}),0.0004981733643307871,0.05555555555555555
frozenset({'아쿠아 플라넷 제주'}),frozenset({'CLUSTER_10'}),0.0008302889405513118,0.0925925925925926
frozenset({'아쿠아 플라넷 제주'}),frozenset({'CLUSTER_3'}),0.0011624045167718366,0.12962962962962965
frozenset({'아쿠아 플라넷 제주'}),frozenset({'CLUSTER_8'}),0.0004981733643307871,0.05555555555555555
frozenset({'아쿠아 플라넷 제주'}),frozenset({'CLUSTER_11'}),0.0008302889405513118,0.0925925925925926
frozenset({'아쿠아 플라넷 제주'}),frozenset({'CLUSTER_15'}),0.0006642311524410495,0.07407407407407408
frozenset({'아쿠아 플라넷 제주'}),frozenset({'CLUSTER_5'}),0.0004981733643307871,0.05555555555555555
frozenset({'아쿠아 플라넷 제주'}),frozenset({'CLUSTER_4'}),0.0004981733643307871,0.05555555555555555
frozenset({'아쿠아 플라넷 제주'}),frozenset({'CLUSTER_7'}),0.0004981733643307871,0.05555555555555555
frozenset({'아쿠아 플라넷 제주'}),frozenset({'CLUSTER_1'}),0.00033211557622052476,0.03703703703703704
frozenset({'도두동 무지개 해안도로'}),frozenset({'CLUSTER_3'}),0.002158751245433411,0.1368421052631579
frozenset({'도두동 무지개 해안도로'}),frozenset({'CLUSTER_7'}),0.0018266356692128861,0.11578947368421053
frozenset({'도두동 무지개 해안도로'}),frozenset({'CLUSTER_2'}),0.0008302889405513118,0.05263157894736842
frozenset({'도두동 무지개 해안도로'}),frozenset({'CLUSTER_6'}),0.0009963467286615742,0.06315789473684211
frozenset({'도두동 무지개 해안도로'}),frozenset({'CLUSTER_15'}),0.0004981733643307871,0.031578947368421054
frozenset({'도두동 무지개 해안도로'}),frozenset({'CLUSTER_9'}),0.001328462304882099,0.08421052631578949
frozenset({'도두동 무지개 해안도로'}),frozenset({'CLUSTER_10'}),0.0009963467286615742,0.06315789473684211
frozenset({'도두동 무지개 해안도로'}),frozenset({'CLUSTER_11'}),0.0014945200929923613,0.09473684210526316
frozenset({'도두동 무지개 해안도로'}),frozenset({'CLUSTER_1'}),0.0011624045167718366,0.0736842105263158
frozenset({'도두동 무지개 해안도로'}),frozenset({'CLUSTER_5'}),0.0011624045167718366,0.0736842105263158
frozenset({'도두동 무지개 해안도로'}),frozenset({'CLUSTER_4'}),0.0006642311524410495,0.04210526315789474
frozenset({'도두동 무지개 해안도로'}),frozenset({'CLUSTER_16'}),0.0006642311524410495,0.04210526315789474
frozenset({'월정리 해수욕장'}),frozenset({'CLUSTER_4'}),0.0008302889405513118,0.07575757575757576
frozenset({'월정리 해수욕장'}),frozenset({'CLUSTER_0'}),0.0006642311524410495,0.060606060606060615
frozenset({'월정리 해수욕장'}),frozenset({'CLUSTER_23'}),0.0004981733643307871,0.045454545454545456
frozenset({'월정리 해수욕장'}),frozenset({'CLUSTER_17'}),0.0004981733643307871,0.045454545454545456
frozenset({'월정리 해수욕장'}),frozenset({'CLUSTER_11'}),0.0006642311524410495,0.060606060606060615
frozenset({'월정리 해수욕장'}),frozenset({'CLUSTER_5'}),0.0014945200929923613,0.13636363636363635
frozenset({'월정리 해수욕장'}),frozenset({'CLUSTER_12'}),0.0004981733643307871,0.045454545454545456
frozenset({'월정리 해수욕장'}),frozenset({'CLUSTER_1'}),0.0006642311524410495,0.060606060606060615
frozenset({'월정리 해수욕장'}),frozenset({'CLUSTER_2'}),0.0006642311524410495,0.060606060606060615
frozenset({'월정리 해수욕장'}),frozenset({'CLUSTER_8'}),0.0009963467286615742,0.09090909090909091
frozenset({'CLUSTER_8'}),frozenset({'월정리 해수욕장'}),0.0009963467286615742,0.03
frozenset({'월정리 해수욕장'}),frozenset({'CLUSTER_9'}),0.0009963467286615742,0.09090909090909091
frozenset({'월정리 해수욕장'}),frozenset({'CLUSTER_19'}),0.00033211557622052476,0.030303030303030307
frozenset({'월정리 해수욕장'}),frozenset({'CLUSTER_3'}),0.0004981733643307871,0.045454545454545456
frozenset({'월정리 해수욕장'}),frozenset({'CLUSTER_10'}),0.00033211557622052476,0.030303030303030307
frozenset({'스누피가든'}),frozenset({'CLUSTER_11'}),0.0004981733643307871,0.05
frozenset({'스누피가든'}),frozenset({'CLUSTER_6'}),0.0004981733643307871,0.05
frozenset({'스누피가든'}),frozenset({'CLUSTER_9'}),0.001328462304882099,0.13333333333333336
frozenset({'스누피가든'}),frozenset({'CLUSTER_15'}),0.0006642311524410495,0.06666666666666668
frozenset({'스누피가든'}),frozenset({'CLUSTER_17'}),0.0006642311524410495,0.06666666666666668
frozenset({'스누피가든'}),frozenset({'CLUSTER_10'}),0.0006642311524410495,0.06666666666666668
frozenset({'스누피가든'}),frozenset({'CLUSTER_3'}),0.0008302889405513118,0.08333333333333334
frozenset({'스누피가든'}),frozenset({'CLUSTER_5'}),0.0008302889405513118,0.08333333333333334
frozenset({'스누피가든'}),frozenset({'CLUSTER_2'}),0.00033211557622052476,0.03333333333333334
frozenset({'스누피가든'}),frozenset({'CLUSTER_16'}),0.0006642311524410495,0.06666666666666668
frozenset({'스누피가든'}),frozenset({'CLUSTER_1'}),0.0006642311524410495,0.06666666666666668
frozenset({'스누피가든'}),frozenset({'CLUSTER_7'}),0.00033211557622052476,0.03333333333333334
frozenset({'스누피가든'}),frozenset({'CLUSTER_4'}),0.00033211557622052476,0.03333333333333334
frozenset({'스누피가든'}),frozenset({'CLUSTER_19'}),0.00033211557622052476,0.03333333333333334
frozenset({'용머리해안'}),frozenset({'CLUSTER_2'}),0.0009963467286615742,0.0857142857142857
frozenset({'용머리해안'}),frozenset({'CLUSTER_11'}),0.0011624045167718366,0.09999999999999999
frozenset({'용머리해안'}),frozenset({'CLUSTER_12'}),0.0006642311524410495,0.05714285714285714
frozenset({'CLUSTER_12'}),frozenset({'용머리해안'}),0.0006642311524410495,0.032520325203252036
frozenset({'용머리해안'}),frozenset({'CLUSTER_4'}),0.0009963467286615742,0.0857142857142857
frozenset({'용머리해안'}),frozenset({'CLUSTER_1'}),0.0006642311524410495,0.05714285714285714
frozenset({'용머리해안'}),frozenset({'CLUSTER_5'}),0.0004981733643307871,0.04285714285714285
frozenset({'용머리해안'}),frozenset({'CLUSTER_0'}),0.0004981733643307871,0.04285714285714285
frozenset({'용머리해안'}),frozenset({'CLUSTER_3'}),0.0016605778811026237,0.14285714285714285
frozenset({'용머리해안'}),frozenset({'CLUSTER_7'}),0.0009963467286615742,0.0857142857142857
frozenset({'용머리해안'}),frozenset({'CLUSTER_10'}),0.0006642311524410495,0.05714285714285714
frozenset({'용머리해안'}),frozenset({'CLUSTER_16'}),0.0004981733643307871,0.04285714285714285
frozenset({'쇠소깍'}),frozenset({'CLUSTER_2'}),0.00033211557622052476,0.038461538461538464
frozenset({'쇠소깍'}),frozenset({'CLUSTER_0'}),0.0008302889405513118,0.09615384615384615
frozenset({'쇠소깍'}),frozenset({'CLUSTER_19'}),0.00033211557622052476,0.038461538461538464
frozenset({'쇠소깍'}),frozenset({'CLUSTER_11'}),0.001328462304882099,0.15384615384615385
frozenset({'쇠소깍'}),frozenset({'CLUSTER_3'}),0.0004981733643307871,0.05769230769230768
frozenset({'쇠소깍'}),frozenset({'CLUSTER_23'}),0.00033211557622052476,0.038461538461538464
frozenset({'쇠소깍'}),frozenset({'CLUSTER_6'}),0.0009963467286615742,0.11538461538461536
frozenset({'쇠소깍'}),frozenset({'CLUSTER_1'}),0.0006642311524410495,0.07692307692307693
frozenset({'쇠소깍'}),frozenset({'CLUSTER_9'}),0.001328462304882099,0.15384615384615385
frozenset({'쇠소깍'}),frozenset({'CLUSTER_15'}),0.00033211557622052476,0.038461538461538464
frozenset({'쇠소깍'}),frozenset({'CLUSTER_16'}),0.00033211557622052476,0.038461538461538464
frozenset({'쇠소깍'}),frozenset({'CLUSTER_17'}),0.00033211557622052476,0.038461538461538464
frozenset({'정방폭포'}),frozenset({'CLUSTER_22'}),0.00033211557622052476,0.03571428571428572
frozenset({'정방폭포'}),frozenset({'CLUSTER_9'}),0.0006642311524410495,0.07142857142857144
frozenset({'정방폭포'}),frozenset({'CLUSTER_1'}),0.0008302889405513118,0.08928571428571429
frozenset({'정방폭포'}),frozenset({'CLUSTER_7'}),0.0008302889405513118,0.08928571428571429
frozenset({'정방폭포'}),frozenset({'CLUSTER_17'}),0.0004981733643307871,0.05357142857142857
frozenset({'정방폭포'}),frozenset({'CLUSTER_8'}),0.00033211557622052476,0.03571428571428572
frozenset({'정방폭포'}),frozenset({'CLUSTER_11'}),0.0014945200929923613,0.1607142857142857
frozenset({'정방폭포'}),frozenset({'CLUSTER_3'}),0.0004981733643307871,0.05357142857142857
frozenset({'정방폭포'}),frozenset({'CLUSTER_19'}),0.00033211557622052476,0.03571428571428572
frozenset({'정방폭포'}),frozenset({'CLUSTER_4'}),0.0004981733643307871,0.05357142857142857
frozenset({'정방폭포'}),frozenset({'CLUSTER_10'}),0.00033211557622052476,0.03571428571428572
frozenset({'정방폭포'}),frozenset({'CLUSTER_2'}),0.0004981733643307871,0.05357142857142857
frozenset({'정방폭포'}),frozenset({'CLUSTER_6'}),0.00033211557622052476,0.03571428571428572
frozenset({'정방폭포'}),frozenset({'CLUSTER_0'}),0.00033211557622052476,0.03571428571428572
frozenset({'정방폭포'}),frozenset({'CLUSTER_14'}),0.00033211557622052476,0.03571428571428572
frozenset({'9.81파크'}),frozenset({'CLUSTER_2'}),0.0008302889405513118,0.08196721311475409
frozenset({'9.81파크'}),frozenset({'CLUSTER_3'}),0.0014945200929923613,0.14754098360655735
frozenset({'9.81파크'}),frozenset({'CLUSTER_6'}),0.0004981733643307871,0.04918032786885245
frozenset({'9.81파크'}),frozenset({'CLUSTER_11'}),0.0011624045167718366,0.11475409836065573
frozenset({'9.81파크'}),frozenset({'CLUSTER_9'}),0.0006642311524410495,0.06557377049180328
frozenset({'9.81파크'}),frozenset({'CLUSTER_1'}),0.0004981733643307871,0.04918032786885245
frozenset({'9.81파크'}),frozenset({'CLUSTER_7'}),0.0004981733643307871,0.04918032786885245
frozenset({'9.81파크'}),frozenset({'CLUSTER_4'}),0.0004981733643307871,0.04918032786885245
frozenset({'9.81파크'}),frozenset({'CLUSTER_0'}),0.0006642311524410495,0.06557377049180328
frozenset({'9.81파크'}),frozenset({'CLUSTER_5'}),0.0009963467286615742,0.0983606557377049
frozenset({'9.81파크'}),frozenset({'CLUSTER_17'}),0.00033211557622052476,0.03278688524590164
frozenset({'9.81파크'}),frozenset({'CLUSTER_15'}),0.00033211557622052476,0.03278688524590164
frozenset({'비밀의 숲'}),frozenset({'CLUSTER_9'}),0.0016605778811026237,0.15873015873015875
frozenset({'비밀의 숲'}),frozenset({'CLUSTER_1'}),0.0008302889405513118,0.07936507936507937
frozenset({'비밀의 숲'}),frozenset({'CLUSTER_3'}),0.0011624045167718366,0.11111111111111112
frozenset({'비밀의 숲'}),frozenset({'CLUSTER_2'}),0.0011624045167718366,0.11111111111111112
frozenset({'비밀의 숲'}),frozenset({'CLUSTER_10'}),0.0006642311524410495,0.0634920634920635
frozenset({'비밀의 숲'}),frozenset({'CLUSTER_11'}),0.0009963467286615742,0.09523809523809523
frozenset({'비밀의 숲'}),frozenset({'CLUSTER_7'}),0.0004981733643307871,0.047619047619047616
frozenset({'비밀의 숲'}),frozenset({'CLUSTER_6'}),0.0008302889405513118,0.07936507936507937
frozenset({'비밀의 숲'}),frozenset({'CLUSTER_0'}),0.0006642311524410495,0.0634920634920635
frozenset({'비밀의 숲'}),frozenset({'CLUSTER_4'}),0.0006642311524410495,0.0634920634920635
frozenset({'비밀의 숲'}),frozenset({'CLUSTER_15'}),0.00033211557622052476,0.03174603174603175
frozenset({'비밀의 숲'}),frozenset({'CLUSTER_5'}),0.0004981733643307871,0.047619047619047616
